F1,F2,F3,F4,F5,F6,F7,F8,F9,F10,F11,F12,F13,F14,F15,F16,F17,F18,F19,F20,F21,F22,F23,F24,F25,F26,F27,F28,F29,F30,F31,F32,F33,F34,F35,F36,F37,F38,F39,Lang
10.05160841,11.62832378,10.51137709,8.519195523,6.606216271,5.133821441,7.630323432,7.838952862,7.969074332,8.059507788,7.75885728,9.096123364,9.23814321,8.111578748,9.997028148,9.890773968,8.419452817,9.299821067,10.69683733,10.5617378,10.63986663,11.60431316,11.03415928,9.359243789,7.671268011,6.971771372,6.341298923,5.067790183,4.424054422,4.091308591,4.009147175,4.151680353,4.212511704,4.550930979,5.448698246,7.74388019,9.371753128,9.831099099,8.165361399,3
10.71174932,10.90761551,12.40057325,15.48551683,15.68543652,16.02435932,17.02988444,16.51998546,16.83105647,17.04531068,14.5275118,12.96029003,12.3109917,12.42109016,12.92928778,13.13138508,12.1753792,12.52699503,12.21582924,12.50842111,11.45291859,11.13993386,11.4174778,10.59174246,11.23788533,11.14141605,11.56232581,10.63947655,9.082779573,8.570819394,8.305202402,8.112123169,7.952665362,7.830163107,8.141535483,10.22956596,10.92789529,11.7711432,12.67165999,0
10.75130876,6.78847345,7.056914293,5.982724723,5.131877936,5.437469629,5.030644444,4.99315755,4.596250858,4.817629391,3.773874774,5.327095911,5.778069825,5.541256497,5.787515638,6.512225264,6.85833153,7.852423994,7.723679292,8.072567329,8.628462665,8.958291392,10.04673987,9.87064075,8.472600368,5.928313654,3.996861001,3.742366593,3.534158897,2.992407665,3.057320511,2.912110869,2.902476436,2.990985397,2.832471897,6.087018922,9.540805178,8.632533521,6.499867928,3
8.102932642,6.117402692,5.180253489,4.771783955,3.871490918,3.734693331,3.621605826,3.311239374,2.963228711,2.60679793,2.777112922,2.713933355,2.179724404,2.088097264,2.241861809,2.481240704,2.008369293,1.64478613,2.365246124,2.381449471,2.141580571,2.265206378,2.149995783,1.904738761,1.945983498,2.293002996,2.255765574,2.276662926,2.460153495,2.53627661,2.853586069,1.973178552,1.638456208,2.28687027,2.175313256,2.883350993,3.051269021,2.878005869,2.405444009,1
12.74892395,8.531878384,8.716621802,4.568262484,7.613944235,8.447887749,8.079859828,6.408305228,5.069151567,6.807780896,5.509326949,7.021377867,8.291253713,7.031281486,7.187918913,8.107012709,7.513747157,7.767991676,7.317392399,8.142520678,7.099011869,7.261178634,6.776180729,6.804523208,6.976306347,6.331401318,5.869667645,4.932812594,4.616206961,4.160202746,3.80848497,3.656855058,3.55475199,3.503073827,3.706171185,6.633262082,7.375441388,7.347230535,7.713917463,3
10.82614635,11.69315044,10.67669932,12.16292987,12.55589707,10.76855424,12.238757,11.65378794,11.08313995,12.60783846,11.90446905,10.968736,11.57321587,11.4929189,10.25807626,10.4144891,11.16424112,13.11345178,14.23487621,13.54218476,12.84084567,12.71405863,13.23106854,12.20183122,9.252237073,9.159128205,9.082802562,7.488008812,5.933396207,5.293316469,4.933841357,4.608192689,4.210375437,4.003540234,5.313601455,8.097787648,11.66061,12.60217775,11.62287623,3
11.05011633,8.781022192,10.90056741,7.267441286,8.964208904,8.190349462,11.65206503,11.60989759,12.09535275,13.28386256,12.80322808,13.49733168,13.45118244,11.62996278,12.19028524,12.8957176,13.02714575,13.84406109,13.89725447,12.65307875,12.96219651,12.97001006,12.75464911,11.91323319,9.942067421,6.374803168,5.909719609,5.693360875,5.474782541,5.302240757,5.13569622,5.109916307,4.950183691,4.845272942,4.745559219,6.636707592,11.71940008,12.79998703,12.85965475,2
8.029174303,6.051041058,5.12750011,4.750309207,3.836116175,3.668570528,3.280566255,3.152446606,2.91488031,2.669642235,2.328915082,2.184150247,2.02657293,1.695332087,1.377604521,1.511144203,1.757674459,1.716363304,1.586060561,1.292868723,1.927038547,1.714222716,2.382530118,2.581003514,2.262394837,1.611690689,0.999823351,1.231374885,1.766033105,2.731515847,2.121749849,1.858247926,1.834347667,2.472295209,1.943150141,2.115377475,2.202078318,3.810200985,2.112088421,1
6.625818472,12.78017254,14.18818459,14.6330056,13.44933773,12.49143775,11.34262628,11.34002989,12.69681428,13.54564176,15.09269271,15.57899023,14.35469746,14.50816168,15.50897906,15.09514737,14.34380226,14.39600437,13.92028139,13.54784345,11.68869154,11.59230288,10.71645646,8.818750709,8.701932135,8.112977344,6.989951756,5.58649143,4.896678342,4.215765658,3.52694809,2.92105256,2.483664105,3.249907921,5.005904716,8.457973089,9.660194937,11.91519454,12.80309432,0
10.7753226,6.430764913,6.097963813,6.452821755,6.810136889,4.8784727,4.065392138,4.265354417,3.039485201,2.885188047,2.418559381,1.127640194,1.719784538,3.73905555,3.410797416,3.662951777,4.251653937,5.622314445,6.547251042,6.6161398,7.571982773,7.968414875,8.231019212,8.001876516,7.28586398,6.076436672,4.352410999,2.718034914,1.880430851,1.239241506,1.376853522,1.55714242,1.36515622,1.664744563,2.032656214,5.470865841,7.209891441,7.234148083,5.435460043,3
11.26012562,6.512898463,5.21081649,5.45703237,7.762881019,8.643081876,6.403310035,6.61681177,7.702924206,7.414572168,6.782248773,7.118758753,7.317920104,7.354548697,6.341293296,5.845487407,7.904541248,7.729428018,7.034352497,7.833340263,7.65212793,8.28181977,8.205867019,8.48658105,6.77049125,5.465016369,4.408571553,3.141836737,2.419711326,2.015517826,2.059377501,1.826105647,1.391591261,1.968386938,3.108319106,6.156056258,7.889206245,7.525945337,6.87582885,3
7.302720992,5.300363551,4.317878128,3.941297359,3.221622858,2.947424181,2.671873295,1.945425906,1.97881875,1.919798748,1.738960753,1.578655366,1.747029122,1.356081621,1.424128214,1.553216943,1.129287511,1.858619856,2.426369798,1.403406695,1.301635991,0.986835229,1.804558286,1.886883515,1.499013392,2.030290894,1.960431672,2.195487376,1.822181984,2.186475175,1.976017445,2.243097546,2.145022027,2.143137923,2.788406013,3.006320483,2.125501712,2.85240967,2.467016162,1
12.42947631,12.18660724,10.08651769,13.31527507,10.31271756,13.24544713,13.43221683,11.75730214,13.33178261,12.26411738,12.9899659,11.31538404,13.49461477,12.45812033,11.73029213,13.0587214,13.22062926,13.60451523,13.35405253,12.99755232,12.84726915,13.11562295,12.22143465,11.80498746,8.608770136,8.250043382,7.829599601,7.265934758,6.981418187,6.695907686,6.573996855,6.452785621,6.342542842,6.2021423,6.073707677,6.936959697,11.19010008,12.51583378,11.82351821,3
7.406370041,5.414054886,4.513779431,4.075283176,3.098955321,2.813047522,2.72586945,2.596081139,2.093526294,1.675478078,1.78985828,1.850684028,1.737586947,1.532766583,1.650395831,1.798101229,0.471727287,1.553937266,2.288173138,1.807357769,0.197865611,0.618497167,0.513421914,0.828236185,2.013554512,1.78878507,1.578588113,1.916953198,1.552542845,2.186042074,2.622840536,2.723247378,1.845170748,2.489962472,3.579172149,2.614992657,2.109236885,2.149167202,2.686494514,2
11.06733561,9.166045696,6.417498214,7.490056625,7.361555254,7.763571507,4.349878305,7.211272209,8.537927453,8.048512507,6.455765301,8.272214469,8.83913237,8.79230224,9.325285224,9.751527721,9.779884901,10.07105967,10.62855898,10.41885057,10.24869771,10.45611832,11.02549687,10.37895293,8.950619165,6.71623607,5.850823292,4.286778034,3.68767077,2.961289182,2.793750321,2.238955049,1.632587123,1.844318604,2.853618394,6.641941605,9.585211018,10.37255236,9.076683237,3
7.423586003,5.422600828,4.56422385,4.024150108,3.232969879,3.060827682,2.865211558,2.504308414,2.313272725,2.092876732,1.704032995,1.993003118,1.644256002,1.382844581,1.203432395,1.552971742,1.246078437,0.995601717,0.658440136,1.105891304,1.684669994,1.527189319,0.786807037,0.934476107,1.72401515,1.800251175,1.455005791,1.894879554,1.409839588,2.184404371,2.225684372,2.550521647,2.516651181,2.156505678,1.947535737,3.632469137,2.259050483,1.92208155,1.567649684,1
10.81458373,8.507512491,8.626013631,9.76096097,6.927465465,7.68530432,7.70755643,8.087436309,6.788222582,7.942570468,7.37997756,6.261325674,6.846914505,5.260912953,7.344600275,7.260946622,6.704063275,7.701137529,8.795703956,8.279348024,7.218351918,6.603331233,6.889183065,8.057268272,7.713954448,5.618830689,3.79889257,2.908021831,2.219105127,1.895880394,1.574911212,1.36150292,0.87836064,1.417631978,2.288762063,5.303905302,8.082725671,7.807699588,7.317006129,2
10.96835843,9.663776981,9.838064387,8.306873247,7.697930941,8.337091425,8.33809736,7.664490224,6.569852036,7.488069871,7.372151977,6.639074961,7.069639001,5.313616595,7.123290152,6.794120308,6.73317238,8.530510821,7.871191582,6.723908777,7.467499559,7.780503059,7.590213295,7.0786699,7.267194794,6.99849064,5.479719714,4.445234497,3.907960403,2.723902627,2.365589693,2.412481275,2.219547495,1.845975653,2.020143464,5.971329923,7.449667166,7.347191154,7.105181459,3
7.298631094,5.306981564,4.386372003,3.870601384,3.022496834,2.738215193,2.295822511,2.267772415,2.600346771,1.851583526,1.995311131,1.860612473,1.487112957,1.897753468,2.09647685,1.370288213,2.040388982,2.236846456,1.303672848,0.758749843,1.626570785,1.645242094,1.954459542,1.749871565,2.375716237,1.529006152,2.236100031,2.336813746,2.255718266,2.0934896,1.824642953,2.300909564,2.193837635,2.08267206,2.335414012,3.24237883,2.954995756,2.93569875,2.167488022,2
7.417348855,5.408656973,4.465922656,4.012702952,3.062172879,2.99019556,2.866666956,2.914804215,2.540219689,2.281768327,1.933750145,1.917326258,1.644964193,1.055164576,1.559506146,1.642075807,2.218950248,2.27158401,1.661439646,-0.284134739,0.87358042,0.436248326,1.339869011,1.97156357,1.574896135,1.792061487,1.213503765,1.725977042,2.085961565,1.361601938,1.77656347,2.557947644,2.470474113,2.526336995,3.432391659,3.579161439,2.531229648,2.45129146,2.295017547,1
7.470120656,5.482311597,4.570873279,4.191168443,3.207123127,3.025807978,2.894134705,2.659679567,2.446888609,2.298856232,2.16548758,1.734274612,1.763843074,1.686701767,1.777977179,1.275406029,1.757782636,1.379320697,1.239410683,1.608341854,1.490139107,1.367529492,2.055835715,1.66147052,0.80483225,1.769126577,1.464210691,1.79712456,2.571243873,2.916122067,2.393726396,2.317163538,1.366303698,2.533071422,2.951412111,3.13958634,2.874627417,2.37616402,2.351170445,1
7.310911974,5.291953927,4.282062941,3.960433056,3.244774161,3.042664991,2.91210899,2.210474802,2.388206845,1.623761894,1.89478993,1.571407068,1.485784681,0.970828571,1.115997853,1.012403088,0.769602419,1.440863915,1.68838662,2.207418285,1.597658676,1.17060245,1.531226911,1.055368312,1.096696395,2.675625047,1.985923923,1.483039968,1.367977687,1.776798533,1.994741626,2.436010209,2.310033084,2.528276451,3.692526726,3.060384338,2.898485217,2.881327449,2.336284618,1
10.86726317,6.117419749,6.94743199,6.72810823,6.334260834,5.800932476,4.147541824,4.782971499,3.824179349,4.089059625,3.941879113,4.308599328,4.460803486,3.153747706,4.964686669,5.153752035,4.681598228,5.459486775,5.353084261,5.758324861,5.291192159,5.767699616,6.024700694,5.692050754,5.653492399,5.895348159,5.042570115,2.950763294,2.788223677,2.12982106,2.070412038,1.779751714,1.7831001,1.401622005,1.545472189,5.674853179,6.301884888,5.90679766,5.873586291,1
7.46400089,5.47341887,4.529985194,4.121873056,3.339656076,2.908334083,3.027586607,2.377191702,2.314189806,2.094789862,1.726437028,1.728609544,1.379348129,0.865085155,1.753262962,1.712530272,0.865191279,1.180725662,0.699280925,1.818172828,2.146455002,1.234814603,1.542582887,1.611335119,2.373360052,1.653954227,1.890001484,1.918417881,2.314027642,2.294743891,1.887497489,1.629303314,1.976642693,2.755369673,2.924348927,3.595586128,2.634606521,2.386689198,2.667762176,1
8.03785783,6.051344498,5.097676816,4.737548583,3.924099837,3.627484147,3.393396277,3.136517027,2.936220869,2.44941234,2.326885064,2.410040482,2.400675933,1.904617343,2.129130634,2.211925248,2.353368482,2.161455486,2.561728802,2.045432464,2.384909786,2.031901101,1.718264473,2.371303591,1.953722193,0.645644962,1.515352175,2.477363258,2.035344283,2.695749968,2.408538185,3.259397862,2.645697993,2.434042396,2.775028044,2.412245024,2.187518739,3.618202531,3.330943522,1
11.07359857,13.04001194,13.5202774,14.03913946,13.69815862,13.11032293,13.59827583,13.02272429,10.29523261,10.41603299,10.5424485,10.78257053,11.3293091,9.779947298,10.32742439,11.09459829,9.994718901,10.45131505,9.784598784,11.43472174,11.36551998,12.10116988,11.23193449,10.45719951,10.38462004,10.03236175,9.812751706,9.490218062,8.361394916,7.822284983,7.68234071,7.502749443,7.278945101,7.022070936,7.506036448,10.18451912,11.55330236,12.17174415,12.04740719,0
7.303646989,5.321161431,4.417070426,3.939143667,3.127987994,2.767302472,2.643631512,2.515711244,2.347071194,1.81165912,1.842089496,1.594824016,1.021728331,0.638474845,1.182948135,1.235154212,1.21572706,1.673410064,0.551313349,1.898387486,1.845401347,1.384115126,1.965958491,1.786183211,1.583644744,1.512657932,2.068300008,2.488290964,2.336446002,2.157203551,2.076678809,1.918876322,2.882966996,2.292903579,2.167831006,2.545393334,2.115183941,2.033160329,2.113125946,2
12.72756558,8.267775517,10.03100193,10.44444604,10.66026453,12.03068359,12.03741536,11.9780174,14.01342591,14.20621576,11.65979469,15.06050297,14.23206286,14.8991004,15.02184154,15.62423364,16.20079641,15.56623845,15.78883738,15.3533547,15.94401059,15.89161158,15.77570841,16.42344146,14.57188879,12.05780823,11.33003634,10.7809651,10.07579673,9.851868552,9.699460809,9.590914023,9.52530891,9.603272084,10.19760289,11.37213262,14.81586635,15.25836984,14.09860737,0
10.17580826,10.63304795,10.18734526,14.76411453,15.56872889,17.01640353,15.54034564,14.5803203,17.06748767,16.32331025,16.2658663,15.97885643,15.06577043,17.10967451,16.64348607,15.9695249,15.76438215,14.37447408,14.69039241,14.28421957,13.01085127,13.1101502,12.76833495,12.80573698,10.38681778,7.850813848,7.877584034,8.138513981,8.131933445,8.02897198,7.959188018,7.893621441,7.819322672,7.789736969,7.851032761,8.696493815,11.32206039,12.59623165,15.01945475,0
8.597508739,5.823895541,8.793731985,8.298036869,9.528417622,9.23351531,9.461594383,8.497133832,8.050340146,8.406460284,8.26902029,7.83666213,7.418810177,6.017846895,8.919307288,9.011667007,8.947767342,9.170400539,9.258247925,9.295798343,8.667700373,8.756764842,9.214468583,8.82445719,8.605344444,7.167869911,6.930496711,3.130792343,1.094694182,1.719687715,2.129203149,1.953163294,2.333125179,2.883476717,4.172630054,7.47067799,9.280497317,9.251586233,9.212633515,3
10.8241003,6.310715469,8.117926092,8.179020288,8.655696099,9.285988263,9.586170758,8.387350019,8.882615149,9.597722777,9.607129786,9.390605898,9.865897908,9.376453701,9.680786791,9.910888205,9.417636032,9.659160651,9.629826126,9.084980484,8.380957071,8.015678742,7.732630421,7.692450215,7.682781084,7.766802377,6.96275679,5.066349017,4.608398782,4.098346319,3.823908292,3.697387718,3.244910623,2.747859753,2.026382977,6.623870802,8.128292359,9.068983582,9.577566241,3
14.64382141,12.83844843,12.12779519,11.51244054,8.59238499,11.20069468,15.17457636,11.58858762,10.56667394,11.07234894,10.67735852,11.59320997,11.47232685,12.57862021,13.24902442,13.87694555,13.89182447,13.78494912,14.82141139,15.50254003,15.25498247,15.20891961,15.30773821,14.18070634,12.71999478,11.16623513,11.58574694,10.77758502,8.689259405,8.238902155,8.006011052,7.870471974,7.855492549,8.05442287,9.191468858,10.89026478,13.28246232,13.99216222,12.43894796,0
7.412857342,5.432006871,4.483113793,4.068257984,3.372176795,2.795310095,2.804593926,2.6208582,2.529932883,1.951993593,1.821351368,1.470398717,1.584763722,1.120191824,1.436555741,1.4223723,0.335962869,1.306519722,1.946879891,1.718798681,1.512128945,1.044291116,1.258835359,0.672274673,1.392715389,1.039193264,0.838630917,1.857023529,1.845290911,2.175869999,2.084191091,2.556357379,2.610154284,2.700847745,3.103319324,2.173133455,1.920773022,1.679488976,2.008887405,2
9.555673436,6.277914036,5.277883655,4.087315029,4.252096937,4.393086892,5.459701051,4.804965101,5.379827134,3.923356258,4.728025938,4.664209121,5.459636872,5.682501054,6.735861278,7.239610622,7.352713209,6.985374294,7.127521073,6.243113365,5.97268179,6.76442024,6.716338201,7.044123912,6.811573654,7.64591288,8.539133369,6.148290478,4.610815998,3.846781921,3.343042885,3.152564083,2.914858762,2.996484965,3.560980302,7.378611926,7.170892184,7.178220898,7.6187867,0
11.03205445,9.271371741,12.87354915,12.92931423,13.53857757,14.87846699,13.41325412,13.25833979,13.8675729,15.52740636,14.82390703,12.8489551,14.19158815,14.2689311,12.93821343,13.30217586,14.93155763,12.68684386,12.31794449,11.26192098,11.07087705,11.85405432,9.689065481,5.115425007,6.043921691,4.95676991,3.596403778,3.148785083,3.170524085,3.328682655,3.267231737,3.466399894,3.942205789,4.382237095,4.892015849,6.422820562,10.01144172,12.13319497,12.53602559,3
7.998532751,6.041786057,5.135489241,4.60717903,3.861678565,3.682122994,3.328538209,3.002963029,2.89579064,2.635592579,2.716631249,2.443892606,2.364153433,1.392726651,1.585813368,2.017422199,1.5713936,2.194754149,1.751489496,1.285269312,1.21148955,0.778121803,0.080416811,1.439590391,1.323791608,1.549511422,2.163184679,1.975187016,1.789829242,1.83704155,2.470131214,2.924743807,2.972067368,2.674315352,2.550050549,2.284202533,2.822728243,2.863427562,1.863005813,1
8.010334303,5.956260869,5.057966589,4.651072001,3.940859486,3.515623434,3.1376667,3.077212496,2.893494915,2.499753182,2.091085305,2.464293905,2.17927513,1.66826655,1.73314502,1.844347456,1.130912785,1.446788456,2.10566691,2.026653353,2.220956214,2.229862249,1.881967231,2.322559099,1.301916253,1.680667714,2.315246235,2.070514926,2.411640439,2.670433095,2.696739786,2.516311845,2.51076528,2.415802395,3.105821622,3.24766275,3.009596108,3.749543235,2.323069149,1
7.412857342,5.432006871,4.483113793,4.068257984,3.372176795,2.795310095,2.804593926,2.6208582,2.529932883,1.951993593,1.821351368,1.470398717,1.584763722,1.120191824,1.436555741,1.4223723,0.335962869,1.306519722,1.946879891,1.718798681,1.512128945,1.044291116,1.258835359,0.672274673,1.392715389,1.039193264,0.838630917,1.857023529,1.845290911,2.175869999,2.084191091,2.556357379,2.610154284,2.700847745,3.103319324,2.173133455,1.920773022,1.679488976,2.008887405,2
11.59776271,11.5594978,10.91569224,10.65698571,13.24646511,10.89959273,13.50551454,13.51886752,13.63657585,13.13831651,11.58983472,11.38363929,11.9432943,11.94007152,13.05475585,12.50108906,10.96890248,9.376338734,10.06165614,9.760801876,8.983925216,8.946756474,8.550103728,8.367854204,8.495304543,8.979606687,8.48046103,7.583379035,7.111113105,6.929763052,6.827530787,6.752798944,6.77821515,6.909930539,7.261332641,8.610306704,8.417493385,9.482819441,11.60363896,0
7.303646989,5.321161431,4.417070426,3.939143667,3.127987994,2.767302472,2.643631512,2.515711244,2.347071194,1.81165912,1.842089496,1.594824016,1.021728331,0.638474845,1.182948135,1.235154212,1.21572706,1.673410064,0.551313349,1.898387486,1.845401347,1.384115126,1.965958491,1.786183211,1.583644744,1.512657932,2.068300008,2.488290964,2.336446002,2.157203551,2.076678809,1.918876322,2.882966996,2.292903579,2.167831006,2.545393334,2.115183941,2.033160329,2.113125946,2
7.452847194,5.455400428,4.599109575,4.084634634,3.525179631,2.915842261,2.944912289,2.626005079,2.330615921,1.887314617,1.639019879,1.638203694,1.660320498,1.97096592,1.352564306,1.071226731,0.657060017,0.711880543,1.119619356,1.43612754,2.220478602,1.501836494,1.314660662,1.872040528,1.660122086,2.528799689,2.120439418,1.859748514,2.392653277,1.729185291,1.522356765,2.342234934,2.838941505,2.729730411,2.725025425,2.673208033,2.457615806,2.216089666,2.270967434,1
12.75131591,11.86279625,13.06634782,12.91645451,13.46003078,13.51645257,14.21359323,14.90709187,15.67955369,16.4858837,18.96996904,18.69686127,16.16086991,15.36677705,15.63809389,15.11530613,13.97339202,15.20470547,15.65170862,14.54345802,15.18853787,14.04696024,14.25529966,15.35102232,15.52489664,17.39774924,15.78982902,14.63794106,14.84844452,14.90328701,14.66649875,14.23479079,15.1857385,16.00642157,16.60061779,14.41490577,14.06164677,13.39804643,12.72132035,1
11.01144455,13.14014865,12.50936902,10.196313,10.20537153,9.523047092,9.476583014,11.10489561,8.543282947,6.598627699,7.707884349,8.720947279,8.95042193,7.008916619,7.2930266,7.100423344,6.886777223,8.331463331,7.496654209,7.402641774,7.535211786,8.226998042,7.92018608,7.389445358,5.289206637,5.210703744,5.520627685,5.176072856,5.064407263,4.86353694,4.760834308,4.652858344,4.573483678,4.536336344,4.332789616,4.770407211,6.658135432,8.005799549,8.752221893,3
11.00083556,9.673843702,9.648333595,10.90093421,12.78007928,12.1141302,10.91826237,11.3705915,13.22232816,10.00346449,8.982222904,9.717247914,9.182938312,10.10114623,12.40991654,12.47747635,11.47128201,10.1287657,9.086348452,8.931843008,8.365513202,8.799584634,8.759606806,8.799995723,8.123623109,7.073735547,3.43459266,3.757583638,4.491911358,4.806719851,4.917193139,5.024872893,4.917754345,4.874680071,4.782834856,6.643502625,8.442718398,9.312983095,11.02778468,3
11.31409911,7.769051691,5.50977794,9.653840343,5.903688266,7.507916909,8.374860597,8.240031257,5.64748271,6.561864327,5.919829536,8.319452255,8.655076472,7.945463588,9.076188555,9.389075213,10.05657639,9.129839711,10.49952381,11.33016347,9.804393224,10.15369145,10.06596032,9.303881198,8.316604026,8.932707934,8.630031645,6.75320162,5.024374235,4.314081666,4.047672849,4.075964152,4.090083418,4.3266128,5.443131007,7.879268015,9.801521241,10.46031437,9.921564827,3
11.7451434,9.205777408,14.64067645,9.375438411,15.34247918,12.85529351,12.00241783,13.9341045,11.22879535,12.05160443,10.5976635,11.05061716,10.64174585,10.05416278,9.70029261,9.734052084,8.904734502,8.972629703,9.066538928,9.1068272,10.32398996,11.6084111,10.01620093,7.940703411,7.505166439,6.665089385,6.930134274,6.473697632,6.317688219,6.094811137,5.888940697,5.746607639,5.519865278,5.462260783,5.002589014,5.387527406,10.63633629,11.75567298,11.11219138,0
12.34883132,10.66579218,12.04235536,10.62648291,10.00217798,10.709442,9.5516836,9.658199345,7.635359844,9.717192365,8.496930312,8.759392746,9.206500238,9.524361685,7.57304505,8.229662185,7.87675347,8.094130291,7.119712836,6.705869245,6.420613657,5.866554286,5.927447901,6.493335615,6.518663482,6.769622056,4.446850977,3.257240508,2.899510727,2.938455591,3.067974996,3.085513556,3.096277746,3.33036184,3.785008297,5.314806357,5.879440526,6.989178093,8.18450391,0
11.02258698,12.4987059,12.66135341,10.87750133,7.071824177,7.080831293,9.840943513,10.88138673,8.446963353,11.79175075,11.58825425,7.361563664,8.41192364,7.829031676,5.635431787,5.307147663,5.652448496,6.023107621,5.990479765,6.648045771,5.413075417,4.816220745,5.461633767,5.296690413,5.844728657,5.659218569,3.919436033,3.723455665,3.493103262,3.392346107,3.380682727,3.011669163,2.960951443,2.869731034,3.383666931,4.936614847,5.803333823,6.246577561,7.632852458,1
10.3507844,7.705384462,7.277421406,8.529235683,7.486294484,8.260073523,8.258102172,7.289919256,7.745289838,6.557641476,3.985576481,6.266897272,7.447415681,8.190616498,8.9572946,8.487112585,7.825179661,8.232439576,7.914726939,8.009237387,8.709992951,8.464602661,7.441825419,7.944890178,9.312072968,9.926628309,8.660399042,6.350481332,5.414075238,4.689532043,4.36482072,3.850263574,3.293544824,2.704071991,3.28028539,8.199063738,9.093110735,9.123323942,9.254262823,3
11.66139724,6.106123179,6.195264964,6.070326474,5.612816267,4.936182019,4.62717754,4.594823718,3.644520825,4.945107228,5.433353488,5.350380931,5.6081792,4.937316933,5.157775039,4.754346049,5.466632461,6.597868092,6.528886655,6.373290064,5.994595344,6.816201169,7.331270588,7.058429894,6.998100095,5.741149382,4.503207077,4.126028177,3.820412956,3.316128095,3.46489264,3.015155289,2.637208983,2.730311064,2.314122111,3.202326969,7.332683285,7.220161296,7.003650946,3
8.036748767,6.024940239,5.164286111,4.721508704,3.851139377,3.637613043,3.313891335,3.011498706,2.797555673,2.514906741,2.638223148,2.822037243,2.367637435,2.269971479,2.348679409,2.152034245,1.532150601,2.172402542,1.997855234,1.549113647,2.122354899,1.74707258,1.952834322,1.239007152,1.104502549,1.994191599,2.12313068,1.743262669,2.294088973,2.701716386,2.009037844,2.397308592,2.275117751,2.211746424,2.682400838,2.511424895,2.87755437,3.208891827,2.349551086,1
10.78209309,8.355688739,7.509512504,7.388300071,7.542715016,5.735872808,7.214950776,6.649150092,6.053544517,6.603957922,6.197245395,6.339724989,6.141611859,6.865298702,9.25109621,11.3708968,12.50294746,13.15407586,12.85258511,12.433023,13.56521147,13.18099005,11.61648291,9.76142422,8.677607928,7.815229049,8.814341789,6.262640264,4.484568137,3.490017359,2.57679933,2.461393347,3.487320115,4.710354949,6.499745709,8.956476891,12.42486132,14.17816653,12.52105542,3
13.29920113,13.14244138,11.51522561,16.57796326,17.13397504,15.17595102,13.87486141,14.76014156,14.18271419,13.78509562,13.35514469,15.30916995,15.39463387,14.2323438,12.04115473,10.00177287,10.02943253,9.107298038,9.380651694,9.882102312,10.72607828,10.53702794,9.754957446,10.75625257,10.88597152,11.17064187,12.02244775,10.58863929,9.622356672,9.012305337,8.658594573,8.405541056,8.252385594,8.263279841,8.783127184,10.62555946,10.65571286,10.44311478,13.67137777,0
12.04607679,10.73104436,9.301121561,7.704894018,7.606139839,8.250993802,8.338683988,7.911047038,9.286778721,11.98617453,11.78665974,10.38856615,10.38580623,9.464681558,8.412229097,10.10015799,9.447781911,9.191506881,9.413748823,9.964549308,11.05004499,10.35320936,10.07958995,7.759656043,6.78379248,4.770981681,2.415768887,1.967735015,1.668116811,2.010365056,2.10136493,1.817530764,2.029141981,2.418272357,3.134358736,5.574988521,9.307872845,10.89459628,11.04470588,3
9.388955487,8.954497778,7.963166264,8.483640799,5.999884041,8.975433744,6.65608543,8.158202187,7.478355029,8.423923188,8.343239217,8.458073091,9.344390733,7.850849659,8.811943724,8.787524551,8.530009626,9.275713004,9.22290742,9.478538907,9.049862763,8.263562085,8.151897667,7.79910213,7.369545328,6.932100017,7.172209908,5.14745356,4.278364356,3.55111634,3.422631,3.529874459,3.594786627,4.007951081,4.6213155,7.017152649,8.41343003,9.859441549,10.07999351,3
11.27308428,8.764872852,6.088192067,4.82672234,7.549100457,8.01248848,8.57179482,8.511005889,7.913898849,9.330447716,9.608404035,9.449897613,9.677791779,8.931121065,7.65910683,7.369294342,7.910892979,8.995818071,7.550131571,6.073779498,4.534429336,7.15526883,8.658155413,8.461632411,8.882336312,8.217739352,5.569439672,4.624940441,4.462596232,4.073196794,3.779364,3.700434848,3.594753191,3.256292231,3.626368074,7.597978809,8.473536561,7.408887097,7.139572546,0
7.342078875,5.831147445,6.059686035,6.289044054,6.883666304,7.077612213,7.701163597,8.034490605,8.186330949,8.351592653,8.776461771,9.024998933,8.995924481,9.117500898,9.451693836,9.461570838,9.209686214,9.531646486,9.502706631,9.020395373,9.131109734,8.620908549,8.298243884,8.513412769,8.893929071,9.702496403,10.32604986,10.85567378,11.33396485,11.70808603,12.05965938,12.24197149,12.41399897,12.46420777,12.50341843,12.40738039,12.1519678,11.64074601,10.51998902,2
11.07380746,7.781023047,10.03529114,9.535340689,10.57987705,8.379205873,7.752541893,9.211729222,8.000378844,8.007771353,6.868925946,7.371990704,8.05381066,7.037103425,6.933428292,7.596166814,7.37456213,6.97253889,7.465657066,6.666210993,7.363204364,6.522019414,7.290094265,7.072804224,7.433271194,8.27776909,8.95479693,6.299190725,4.704576134,3.934659913,3.575681474,3.244171725,3.378203457,3.542442613,4.501981786,7.827641525,8.074733824,8.233423323,7.733672009,3
11.09247759,9.708248718,7.367600898,9.1807464,9.016115085,6.28767145,8.204992056,6.853611101,9.414751183,9.512402425,8.023360931,9.179784358,9.422210597,8.382568304,8.040937637,8.063876717,7.55152288,7.965284773,8.054003261,7.40854649,8.044116207,8.498547957,8.8926043,9.267168127,9.245921118,8.935239969,7.507142238,5.510095842,4.699429684,4.221373333,4.062451524,4.005802643,3.970395885,4.209117402,4.825998052,7.284922107,8.806475925,8.264868104,7.979478534,2
-0.462030499,1.803053028,1.832234775,3.696275054,5.293342332,5.610215392,4.415526028,4.659325912,5.654944366,5.490339,4.441249774,6.036251799,7.274847312,7.215105373,5.851615451,6.854325798,8.51007869,7.812706375,6.682007441,7.638639134,7.601942205,8.068041968,8.524261707,7.968188231,7.896973292,8.905147489,7.649062335,5.46636858,4.613456862,4.112568383,3.825394448,3.805719036,4.062116853,4.519430051,5.237570847,7.510274991,8.474322073,8.431011712,8.084343072,3
7.411544212,5.39726683,4.511586163,4.106595269,3.328067134,2.810689732,2.791335496,2.432666319,2.115275229,1.738269145,2.083163828,2.055220706,1.340155514,1.636074602,1.429782673,2.020154465,1.521352419,0.584626595,1.326237514,1.301687353,1.359739116,2.200001006,1.996400438,1.630765213,1.836664076,2.194195631,1.881544454,2.242762253,2.120926233,2.471986163,2.591551475,1.922858736,2.381311926,2.689284878,2.988508402,2.967818447,1.871521014,1.727063001,1.959909918,2
-3.750015437,-3.723834762,-4.693231571,-1.468137837,-2.481747734,0.196873866,1.928848392,1.014434276,0.107311919,0.612452714,0.316627829,0.43503203,2.777656003,2.205831498,2.227286472,1.691814611,2.079661829,1.479868951,1.248251948,0.965527445,1.006581136,2.469218636,3.920927841,4.389263268,4.95208913,5.293329819,3.569946582,1.05807039,0.657671688,0.752716716,0.583429924,0.606051254,0.578978559,1.061848949,1.905229491,5.141515385,5.408272234,3.406012665,3.446896252,3
7.408955909,5.393747,4.477550016,4.024056172,3.215687457,2.935910811,2.746097051,2.547069428,2.389759329,2.077585858,1.986053119,2.050448969,1.594495746,1.138082608,1.595170428,1.477903421,1.474075498,1.524206368,1.279431615,1.295254684,1.204458044,0.127825058,0.639148019,1.070848928,1.614821706,1.697793009,1.886930262,2.268300718,2.038560196,1.490379761,2.662871483,2.043893658,1.69237226,2.34520134,3.29778182,3.091394925,2.674711592,2.832993663,1.931702502,2
10.71727822,11.13483309,11.02006751,7.861422889,9.703292369,10.11263211,10.97816451,11.080586,10.57638332,11.99148672,11.47112266,10.97714871,11.94959926,11.23203214,11.35760346,11.00825699,11.43048266,11.6890171,11.78449181,11.2925355,11.93069395,12.41594515,11.46987081,11.61188399,10.24683993,8.835295115,7.862285411,6.209711072,5.240812043,4.668569641,4.193731647,3.833822967,3.570712041,3.476858551,3.192805536,8.479222324,11.58843906,10.9298585,9.711775647,0
13.29920113,13.14244138,11.51522561,16.57796326,17.13397504,15.17595102,13.87486141,14.76014156,14.18271419,13.78509562,13.35514469,15.30916995,15.39463387,14.2323438,12.04115473,10.00177287,10.02943253,9.107298038,9.380651694,9.882102312,10.72607828,10.53702794,9.754957446,10.75625257,10.88597152,11.17064187,12.02244775,10.58863929,9.622356672,9.012305337,8.658594573,8.405541056,8.252385594,8.263279841,8.783127184,10.62555946,10.65571286,10.44311478,13.67137777,0
8.035864502,6.053103496,5.185807834,4.759985471,3.905073206,3.559225313,3.326620112,3.221054034,2.89444538,2.438605436,2.453207512,2.004256545,1.598603848,2.133470146,2.068754249,2.114863714,2.254905655,1.687357747,1.04042939,1.886411466,1.526813994,1.408534529,1.331330633,1.569051008,2.356392338,3.054714229,2.077573183,1.65669574,2.299038525,2.19241529,2.308953085,2.106934158,2.411604053,1.794088627,2.472150509,2.532523991,3.062199121,4.050359125,3.359602811,1
7.414376833,5.407397001,4.527131407,4.093493786,3.217828419,3.094104005,2.783402079,2.576108108,2.191555578,1.582345119,1.888927026,1.677347428,1.69993308,1.719110094,1.583715349,1.159779848,1.480316835,1.480854276,0.949983949,1.405680144,1.163825268,1.395150563,1.187960919,1.490602515,1.545128639,1.30238102,2.166926866,2.230098174,2.655325864,2.119160083,1.506705267,2.256086608,2.712615468,3.157191288,3.397863258,2.242716872,2.559484173,2.8549203,1.950230723,2
4.061542097,2.535200827,3.436129634,3.750853887,5.345266111,1.976032888,6.052715346,6.21850064,5.502841413,5.995534349,5.831677769,6.581767226,7.316673313,6.483277827,7.076276426,6.822834513,7.331565788,5.047933417,6.996704695,7.821859104,7.65281557,6.858230561,6.189980054,7.217602654,7.735596072,7.591858434,8.021927679,4.973164958,2.507478196,1.729550313,1.983768985,2.242648187,2.529700986,2.772090456,3.836190462,9.012679153,8.630337222,7.398360394,8.512272157,3
7.331199738,5.364510877,4.387821188,4.175401753,3.06643517,2.839492542,2.826278162,2.421831881,2.24605237,2.013715383,1.796719586,2.153381754,1.748909967,0.980869825,1.022424614,0.905165678,1.665491474,1.605535727,1.631872178,1.805383664,1.356460209,1.467256298,0.77224155,1.33421242,0.845494187,1.561374159,2.076849483,2.141417003,1.239159173,1.639849187,2.334320173,2.726720613,2.71615701,2.235596421,2.629438339,3.355119389,2.562224188,2.467226146,1.925688291,1
7.984944291,10.79941021,12.71542522,13.16480779,14.07271952,15.10768713,14.95950141,14.49754084,13.61539347,15.97819311,13.7224225,13.33668462,13.57552637,12.88808591,12.92700686,13.15374921,13.65846602,13.09048559,11.74444317,11.44973712,13.18880671,12.61499933,11.39863967,10.68490835,9.873810126,8.881395912,8.139301259,6.889892642,6.419272863,5.970885975,5.70259588,5.54924739,5.34056956,5.194994808,4.934836392,6.789676225,10.92493467,11.69677032,11.91856655,3
8.031737397,6.034590627,5.161258612,4.788246216,3.989154343,3.673341245,3.315706075,2.983525709,2.667067883,2.30702967,2.027871796,2.750869865,2.17004409,2.028756736,1.901148306,2.001899719,1.871953146,2.11477294,2.009370214,2.24157686,1.006426569,1.396084778,1.240758614,1.315460251,2.20009091,2.24807995,2.403184456,2.216108653,1.741295522,1.709532338,2.493852932,2.608643029,2.92612118,2.178141351,2.353268013,2.634558965,1.930044547,2.978453327,3.59022462,1
8.037311536,6.014560182,5.066240046,4.625794564,3.899407805,3.705940617,3.3973241,2.879780617,2.714939797,3.017096591,2.232661241,1.903459848,2.274018163,2.089150943,1.941035575,1.8304496,1.219002141,1.820712766,1.836625435,2.236856619,1.860774264,1.945318566,1.282454118,1.453346038,1.645224439,1.313591805,2.184230441,2.44887039,2.68091955,2.16035386,3.014107417,2.859475766,3.002381015,2.989251857,3.183106223,2.66709741,2.402719342,3.386629193,3.097513373,1
7.406370041,5.414054886,4.513779431,4.075283176,3.098955321,2.813047522,2.72586945,2.596081139,2.093526294,1.675478078,1.78985828,1.850684028,1.737586947,1.532766583,1.650395831,1.798101229,0.471727287,1.553937266,2.288173138,1.807357769,0.197865611,0.618497167,0.513421914,0.828236185,2.013554512,1.78878507,1.578588113,1.916953198,1.552542845,2.186042074,2.622840536,2.723247378,1.845170748,2.489962472,3.579172149,2.614992657,2.109236885,2.149167202,2.686494514,2
7.450469095,5.438367788,4.558275451,4.135076418,3.368028626,3.107265267,2.807364952,2.49209807,2.50431782,2.316123355,1.897498751,1.986961474,1.780187178,1.696823994,1.603172296,1.419524096,0.793833066,0.98548463,1.131524868,0.925754939,0.841457197,1.203507757,1.699055598,1.935741214,1.775312581,2.361139687,2.27255467,2.230013078,1.859979391,1.933797329,1.900809385,2.248958068,1.643682506,2.504235952,2.601762896,3.166155751,3.525922794,2.735179976,2.034328414,1
7.425220689,5.428588157,4.559299756,4.117803372,3.28108268,3.014496587,2.813523059,2.584774424,2.105858788,1.796375847,1.414509596,1.763018793,1.882259489,1.702733655,1.392512381,1.299446228,1.10889893,0.952100438,1.607155939,0.836145039,1.30524768,2.159887663,1.780336254,1.222745619,0.705919894,1.457962079,1.798361158,1.53859712,2.068597584,2.039239112,2.018972628,2.095886549,2.134938323,1.89228362,2.068983865,3.627077712,2.913786893,2.41483324,2.130492152,1
4.544470954,5.151418357,5.858828971,6.125321823,5.832990678,5.669459993,6.099013606,7.115935438,5.532649319,6.308613302,7.964571419,8.005050915,8.322040642,9.30204978,8.246547189,8.24857872,9.198820569,9.348333511,9.758637615,9.94993756,9.458293905,8.822587232,9.389310661,9.614783773,10.16614808,10.41450076,10.72526843,7.879377181,6.379865698,5.483327312,4.861420218,4.483520233,3.852871852,3.048348712,5.195996101,9.619833143,9.398968753,9.55111501,10.09501083,3
7.214837502,10.16449463,8.820797081,9.095775255,8.493708537,6.357092282,8.452199617,7.382936933,6.729968039,7.638764848,7.658299467,7.657149515,7.659132437,7.72127981,9.04677683,8.619087641,7.873012564,7.9698121,8.38591883,8.976653414,8.548503238,7.999943936,8.456816093,8.715561842,7.542833172,6.307548514,4.896984957,3.079674231,2.692375197,2.629791991,2.657755375,2.895902568,3.172117125,3.660972474,4.383234863,6.828581087,8.42080738,8.132610658,7.764931974,3
10.52747153,5.917718522,6.058197868,5.831500938,6.630731096,6.066266921,6.220757389,7.061060269,5.674274507,6.001576816,6.882509935,7.560447131,6.316438692,5.902118919,8.587591457,7.850996902,6.01836112,6.894440815,7.075608415,7.24469553,6.440890143,6.5000265,7.733645333,7.500262021,7.490784131,8.430859967,9.28101973,6.834954466,5.392999892,4.459235857,4.027806868,3.73178391,3.638930449,3.580900139,4.668123835,8.024498505,8.012759548,7.888074783,7.973337871,1
7.497626564,5.521841098,4.61505888,4.108134028,3.353072454,3.140504076,2.783677802,2.753785108,2.112877206,1.726478333,1.674292014,1.822562572,1.552051188,0.935099916,1.732777921,1.381433811,1.383511356,1.579294559,0.902019034,1.22207084,1.060493205,1.073761259,1.66919055,2.038393182,1.952725273,1.942892974,2.071314433,1.768984422,1.483254723,1.562779801,1.777479686,1.938152291,1.802817853,1.152348133,2.110561689,2.841308417,2.321733437,2.091129844,1.470051711,2
-4.50412365,-5.272309545,-3.850295616,-2.375015544,-1.408438827,0.971934173,1.33105502,1.412074951,3.064736755,3.561806468,3.770381393,1.874765702,2.94615694,3.531002012,3.995003402,2.607508882,2.759828741,3.738048061,5.078058796,4.405984588,4.654464429,4.13187649,4.624586259,5.003978219,6.016806335,6.688760706,5.694484896,3.132319576,2.38110713,2.110997196,1.758482302,1.431619337,1.173526584,1.040496977,1.584197445,5.458806578,6.030512544,5.509895401,5.067665413,3
7.994133219,6.027398943,5.093240314,4.690129965,4.041016535,3.475791098,3.410990529,3.184179171,2.883523476,2.747662922,2.184463857,2.01289759,2.121932865,2.100680159,1.770819268,1.4712482,1.867357907,2.013339364,1.909725828,1.655220189,1.637629437,1.809112241,1.691874577,1.640301104,1.871822884,2.051063538,2.033050819,2.406937497,2.489476912,2.751099118,2.075673693,1.726410608,2.584638526,2.435375845,2.802709897,2.787179982,2.81198654,3.130478029,2.533866036,1
11.03792191,7.629512928,5.510571034,7.623824092,6.984858802,6.075598771,6.533400407,5.311516014,6.013232066,7.085482994,3.945842613,5.116707297,4.75916465,3.381813894,4.149979141,4.178625293,4.053826935,3.606988384,3.583820855,3.899733311,3.189095241,5.249307882,5.35439087,3.150482566,5.696724667,6.686388322,5.815497196,4.55391746,3.786844771,3.316396997,3.248021261,2.964609675,3.013411184,3.025333365,3.300289374,7.192745677,7.3167441,5.594583391,5.641122853,3
12.7800363,10.3414778,10.41445978,11.03987567,10.22365031,10.35088076,9.485660697,10.5746393,10.43203247,13.18771958,10.96801753,10.34897653,10.2781191,10.04995131,11.44065468,11.32782527,10.6157321,11.31434349,9.506090703,10.18529692,10.5326528,10.53533935,10.02490908,9.850933456,9.0726865,7.585699326,5.788871499,5.031070982,5.16516693,5.082084724,4.997309599,5.057424771,4.973507413,4.99012873,5.147333673,6.197675767,9.122776717,9.372402019,9.879241881,0
12.23713115,11.14476741,10.87079303,9.942505943,9.67462259,7.792744315,8.224770323,7.634919457,8.351679369,9.156689945,8.782054998,8.068352097,7.830760467,9.030968821,9.955566692,10.21077159,9.002555347,10.04462009,9.882470514,9.073219442,10.14098056,9.602651068,9.196691229,7.876020369,7.426997613,7.29204509,6.89843123,4.718734043,3.861663955,3.030232176,3.032726474,3.097077101,3.290437998,3.828135652,4.952923602,7.610344336,8.751644094,8.975762033,9.119105644,3
12.72756558,8.267775517,10.03100193,10.44444604,10.66026453,12.03068359,12.03741536,11.9780174,14.01342591,14.20621576,11.65979469,15.06050297,14.23206286,14.8991004,15.02184154,15.62423364,16.20079641,15.56623845,15.78883738,15.3533547,15.94401059,15.89161158,15.77570841,16.42344146,14.57188879,12.05780823,11.33003634,10.7809651,10.07579673,9.851868552,9.699460809,9.590914023,9.52530891,9.603272084,10.19760289,11.37213262,14.81586635,15.25836984,14.09860737,0
11.96932931,11.82736773,11.51333429,10.98431234,9.26677746,8.396680379,8.712461667,8.365115267,8.865740373,12.14709002,13.05705298,12.54010348,12.5409816,12.97961121,13.96155391,13.45692998,11.30079505,9.07041699,9.437756921,10.64060659,11.99250252,10.57187836,7.584224473,7.317421932,7.479156729,8.216096926,8.980663949,6.614426592,5.116585366,4.276697165,3.909990629,3.339512522,3.033518743,2.62896314,3.311117818,7.815481375,8.156440863,9.963202923,11.78815231,0
11.54919689,12.63985972,14.31248049,12.29296681,10.3421091,10.12696501,10.55979838,10.59416969,11.4961523,14.53155841,15.35002177,16.08205488,13.0292503,8.059337247,14.13444805,14.86631587,12.47593244,12.29601483,13.86423075,13.72374396,13.25798186,13.60329361,10.84283734,10.28498262,9.76096544,9.842766765,9.813761822,9.015782282,8.705286951,8.495515925,8.385886222,8.299375214,8.221684246,8.192101114,8.130332737,8.024278014,10.83898057,12.54351862,13.0262227,0
8.978076899,8.638279368,9.037739634,7.902037135,5.694114549,9.498037095,8.096596707,9.526813179,8.96136019,9.390434359,8.541653337,9.779419655,10.59131627,11.85519569,11.40580002,11.86228058,11.10819599,11.10138646,10.65347416,9.411167207,9.106048329,9.137129967,9.014911349,8.83392407,7.50136023,8.030695614,6.600822239,5.336029781,5.133584081,4.731176883,4.509068432,4.309369537,4.262341705,3.833119692,3.346962367,6.229478946,8.698653586,9.859962855,10.46897141,0
10.80243559,6.006604166,5.933147557,6.267660423,6.315050347,4.571880173,2.290520751,3.274643996,2.497388119,2.46010772,1.621715211,2.961600145,3.766266659,3.803399089,3.272676628,3.728586871,3.867447834,2.955327883,3.871903062,4.845693956,6.190852251,5.51397859,6.24802202,6.377430137,5.230161934,6.026121995,5.115832455,3.56021484,2.820102583,1.952643485,1.689668134,1.765803992,1.932431442,1.875881018,2.142667936,6.014225761,6.789539078,6.043848629,5.669843965,3
12.42467345,12.93406105,10.60649968,15.43981981,15.91326083,15.86201454,14.64508747,12.74115754,11.2529665,12.22678025,12.47490421,13.30221233,13.00204817,10.95442442,11.1837415,12.15293523,11.72782093,10.83903459,11.02589758,11.58443871,11.87997959,12.09582865,12.2963358,12.55196608,11.72106936,10.99624497,13.64459678,12.98124194,10.99809899,10.24441863,9.830441653,9.504172032,9.213724744,9.037733013,10.31050105,12.56982518,11.89319997,11.41879109,10.98353535,0
11.64660507,8.715966437,8.681606946,7.964889766,6.666605824,8.199115976,7.987236259,7.985445105,6.692828931,7.087229855,6.429293374,6.789471308,8.88003554,8.025686608,8.689475657,8.659230172,8.921865075,8.811815612,8.274242555,8.149597168,8.601421499,7.659896629,7.826862058,7.990809976,7.139444299,5.663063335,5.040940859,4.443184558,4.200806922,4.089493603,3.963270415,3.772693586,3.683300106,3.529548675,3.077166293,5.856796521,7.70013973,7.776754689,7.416745537,3
10.58067306,6.460655401,4.558012199,4.560580353,5.315305771,5.889652544,6.001507932,6.010975194,8.028904094,7.572348644,6.204981119,4.974726462,9.136449148,9.440482124,7.04993273,5.759092456,5.199914645,4.553770279,5.559663838,5.257915361,5.383083158,5.912474357,5.764324815,4.479404654,6.011311786,5.054118237,4.037739776,3.726816254,3.461172334,2.893278813,2.917450178,2.888869477,2.47155756,2.495485374,2.226799722,3.376558187,5.715231923,5.573918356,5.943119212,3
8.006541686,5.968608476,5.136842918,4.667211208,3.877701518,3.568192949,3.264336529,3.103506827,2.796598647,2.603284617,2.345822675,2.5641409,2.446542587,2.124285722,2.014516338,1.601147519,1.432487442,2.048728639,2.196365403,1.406488082,1.390725735,1.10318426,1.260927754,1.730198355,2.475942745,1.255661331,1.436772541,1.963372167,1.960228227,2.467636155,2.32931385,2.566659128,2.787456537,2.867427248,2.927333439,2.773207622,3.08279982,3.018593309,2.726590568,1
11.14733361,8.993328951,8.644482064,8.427698078,6.834247693,6.291246168,8.745340835,6.753827689,6.253783904,6.320098825,5.335491551,6.554703657,6.627469425,5.807383531,6.362807234,7.108447636,7.671989739,8.177740479,7.369778684,7.531745944,7.260007693,7.220447953,6.880342568,7.120424964,4.640444333,5.175738064,4.720653348,3.967589994,3.725954775,3.463703026,3.13081009,3.037753536,2.843753801,2.83431672,2.801078345,5.518353006,6.838373593,7.463417454,7.758927903,3
10.17580826,10.63304795,10.18734526,14.76411453,15.56872889,17.01640353,15.54034564,14.5803203,17.06748767,16.32331025,16.2658663,15.97885643,15.06577043,17.10967451,16.64348607,15.9695249,15.76438215,14.37447408,14.69039241,14.28421957,13.01085127,13.1101502,12.76833495,12.80573698,10.38681778,7.850813848,7.877584034,8.138513981,8.131933445,8.02897198,7.959188018,7.893621441,7.819322672,7.789736969,7.851032761,8.696493815,11.32206039,12.59623165,15.01945475,0
13.59920588,9.479803452,9.919237898,8.699535281,10.25785245,10.43953998,9.904031353,9.089266731,7.720732406,10.16760033,10.55277128,10.38849891,10.27107792,10.1939127,10.47971662,9.841741215,9.253272011,9.284976188,9.305653536,8.853199784,9.004077142,9.07741444,8.823043042,8.953859875,9.259291393,7.988921768,6.855160254,6.41219278,6.142295028,5.791694932,5.655819745,5.430534819,5.157489251,5.021149989,4.515732782,5.467313483,8.636090015,8.381642837,8.167279804,0
9.659914851,5.598227257,5.998758684,7.897096012,6.863715519,4.119388167,6.750966487,6.519341511,6.461943586,7.396051647,3.454233247,4.834780199,6.870262435,6.26577964,7.103058449,8.005733601,7.489060474,8.217232883,8.175764256,8.085508296,7.488442402,7.737672647,7.687693469,7.792828562,7.866248626,7.923998667,7.4652519,4.76707128,2.867339051,3.104739129,2.982513185,2.918915473,3.319232411,3.605613296,4.972790045,7.05252229,8.266389757,8.394661485,8.932044768,3
7.411544212,5.39726683,4.511586163,4.106595269,3.328067134,2.810689732,2.791335496,2.432666319,2.115275229,1.738269145,2.083163828,2.055220706,1.340155514,1.636074602,1.429782673,2.020154465,1.521352419,0.584626595,1.326237514,1.301687353,1.359739116,2.200001006,1.996400438,1.630765213,1.836664076,2.194195631,1.881544454,2.242762253,2.120926233,2.471986163,2.591551475,1.922858736,2.381311926,2.689284878,2.988508402,2.967818447,1.871521014,1.727063001,1.959909918,2
8.075567316,6.181470312,5.184480985,5.844948985,6.280527943,5.885923006,7.7049283,8.133705457,8.126679113,8.108409837,8.56512038,8.882361312,9.539668989,9.703122072,7.698048761,8.036281748,8.169058798,8.276341388,7.700387092,7.839540304,8.495247294,7.899502896,8.994083953,8.5204086,8.284049253,8.679323369,8.5306348,8.771375815,8.529112733,8.262479336,8.478609056,7.43872628,6.641713522,7.839232258,7.629449474,7.487461931,7.062870515,8.383658742,7.376130752,1
13.29128348,10.13881898,11.03014455,12.75675808,11.38460265,10.76191322,10.96540424,9.360380033,10.57415165,11.17957111,10.42229527,9.763214975,10.30237238,10.56331116,10.84493777,10.82395666,9.937417415,9.75806452,9.612697809,9.345808049,9.56836434,10.16912279,10.42305008,9.797416892,6.938164991,5.343701208,4.346691476,3.861032782,3.776365949,3.482950231,3.181660841,2.951151774,2.75256537,2.561731834,2.500107108,6.25548603,9.452884716,9.721078408,10.31423519,3
10.35403511,5.84546904,6.193974481,6.488006843,7.465525632,5.768925897,7.325596546,8.102526516,9.860650949,11.4632581,10.832876,9.013217182,9.770912106,7.405407189,5.48224937,5.055630254,5.200174732,5.032300918,5.115942153,5.256352608,4.463089457,5.185488646,5.728773861,4.368278055,3.682530284,4.876892217,4.609381496,3.725355551,3.183503939,2.991003362,3.066279978,2.588603117,2.56251075,2.506614349,2.25358889,5.327702819,6.303238722,5.966819977,7.902706853,3
10.95783508,8.652110263,7.221921764,9.431160985,10.49939382,12.19918303,11.6059506,13.60194583,9.603313562,11.42527087,10.20366522,9.109081883,9.328471492,8.973851002,10.10163786,9.749811366,9.949848088,9.589620702,7.395703768,8.076836445,9.704476152,7.517719152,9.952423419,9.404062993,5.292297985,5.775030902,5.266911833,4.326061308,4.080153363,3.467464347,3.279046807,3.035610173,2.815371335,2.542956451,2.835327672,5.882876037,8.226361373,9.057100222,9.658758981,3
13.97344616,9.02708777,7.519235976,7.191195501,9.737098132,9.922339952,11.26816549,11.63103937,10.24005545,12.20076153,12.33186099,12.53087115,13.18652914,10.32376277,11.62332499,11.64474604,12.25768651,12.40972092,11.91352321,12.91176386,11.81975913,11.70310899,12.32493658,11.44244594,10.94625362,11.02514012,11.88874979,9.191525293,8.021542684,7.247954368,6.770518301,6.56619134,6.570275842,6.834850055,7.896198152,10.78824449,11.74478533,12.12448431,11.5949991,0
10.9229013,9.998381233,12.57914069,13.04877552,13.40258024,16.59069293,17.10505612,16.6012729,13.38758077,13.56448014,13.10447749,14.7803662,14.62259385,14.1852918,12.77668484,11.72815938,9.942027076,9.683010405,9.320189832,8.231675614,7.820376141,7.804919151,7.754748514,7.871475355,8.302422621,8.460927484,7.875908956,7.506832033,7.305753072,6.998457991,6.88510607,6.761315528,6.659200677,6.63616415,6.668595797,7.554105044,8.087555513,7.77786053,11.41883261,0
13.43735247,7.745561785,7.377112677,5.227678199,8.405957657,10.13006961,9.775843661,9.267420294,9.739124017,9.900390349,10.18565926,10.16968656,10.23526324,10.38724258,9.199653992,9.210203112,9.431564774,9.565554979,9.411359285,11.43706701,11.13531327,11.4495969,11.37658824,10.57603456,10.61881766,7.629677485,5.914564678,5.20603703,4.631847055,4.109859239,3.871133949,3.565673244,3.521940245,3.200570303,3.271680019,6.765250248,10.12438211,10.1362968,8.899788687,0
11.73343228,12.47785871,10.7962555,15.52259258,14.4244206,14.55745375,15.36223059,14.61876979,12.5031515,11.87132684,10.07245645,11.3759929,11.12208687,10.15987616,9.598045634,10.53374857,8.930875614,9.183082455,8.880456981,9.122737345,9.933825057,8.933289305,8.664935698,9.80125749,9.639272912,9.746869808,10.65874164,9.324933326,8.418076687,7.866768729,7.550614473,7.340950153,7.278584332,7.348982516,7.727252194,9.030611121,8.601442644,9.601530546,10.82012441,0
10.71727822,11.13483309,11.02006751,7.861422889,9.703292369,10.11263211,10.97816451,11.080586,10.57638332,11.99148672,11.47112266,10.97714871,11.94959926,11.23203214,11.35760346,11.00825699,11.43048266,11.6890171,11.78449181,11.2925355,11.93069395,12.41594515,11.46987081,11.61188399,10.24683993,8.835295115,7.862285411,6.209711072,5.240812043,4.668569641,4.193731647,3.833822967,3.570712041,3.476858551,3.192805536,8.479222324,11.58843906,10.9298585,9.711775647,0
0.733365086,11.5749166,9.142079579,11.64738804,12.53334297,12.68921662,12.66760478,12.57423958,12.99070274,12.55758657,12.78862382,11.30817991,12.00578636,13.45109376,12.72967938,12.01913266,12.50415153,13.12854608,13.07800421,13.68991535,11.75153088,12.61696709,11.65212829,10.04867365,8.520069207,8.749077011,7.997405286,7.47761928,7.153094817,6.791253707,6.552918308,6.394113759,6.25098442,6.19954566,6.357516498,8.271314659,10.29782306,11.48768724,11.57789494,3
11.51551552,11.63261353,13.58788288,16.50411094,16.71766601,9.962446617,14.56416114,14.35024896,16.1326114,15.85367265,13.4261597,14.01357541,15.31624526,17.72200721,17.80072219,18.49983715,18.35216737,16.46054998,14.86880638,15.33185228,14.18574896,13.61003482,14.0166328,12.54302669,10.42323656,11.03162061,11.0607748,9.902041873,9.255122752,8.866490402,8.645330857,8.443127981,8.200070906,7.904149417,7.087935489,10.083797,13.07778063,15.57193582,17.00282408,3
7.342078875,5.831147445,6.059686035,6.289044054,6.883666304,7.077612213,7.701163597,8.034490605,8.186330949,8.351592653,8.776461771,9.024998933,8.995924481,9.117500898,9.451693836,9.461570838,9.209686214,9.531646486,9.502706631,9.020395373,9.131109734,8.620908549,8.298243884,8.513412769,8.893929071,9.702496403,10.32604986,10.85567378,11.33396485,11.70808603,12.05965938,12.24197149,12.41399897,12.46420777,12.50341843,12.40738039,12.1519678,11.64074601,10.51998902,2
13.04593783,8.533639281,11.06814884,10.10673322,9.489267493,7.303460599,8.451122155,7.333872168,8.96394998,8.047233777,7.208366031,9.249286495,9.130865968,9.413411849,9.487798184,9.215143716,9.764749688,10.20118231,10.54761845,10.54273473,10.52746992,10.10060542,10.60777967,10.3416392,8.704841961,7.392053509,6.251388992,3.86657891,3.38349222,2.956834545,2.853380493,2.599857949,1.991532621,1.690801146,2.54873623,7.356375585,9.614580511,10.12281855,9.893589731,3
12.18818561,10.54845963,7.777384058,10.31550779,9.427183946,11.68721052,9.542818982,11.54758272,12.06621866,13.06309111,12.13853495,12.09147921,12.34985173,11.68248755,10.75465202,9.55741637,9.377926943,8.537243443,8.526617114,9.658060632,9.617677925,9.920425636,9.239667575,9.746332475,8.798712399,9.20572419,9.059821965,7.669041151,7.138778159,6.75551145,6.542335114,6.332262104,6.056812873,5.719066998,4.974081749,8.049430386,9.325212065,9.144251916,10.73196442,0
7.408955909,5.393747,4.477550016,4.024056172,3.215687457,2.935910811,2.746097051,2.547069428,2.389759329,2.077585858,1.986053119,2.050448969,1.594495746,1.138082608,1.595170428,1.477903421,1.474075498,1.524206368,1.279431615,1.295254684,1.204458044,0.127825058,0.639148019,1.070848928,1.614821706,1.697793009,1.886930262,2.268300718,2.038560196,1.490379761,2.662871483,2.043893658,1.69237226,2.34520134,3.29778182,3.091394925,2.674711592,2.832993663,1.931702502,2
9.48012327,12.15976215,10.29427133,14.19791667,9.754163746,10.912349,12.36365006,12.34966604,13.08833178,12.9024769,11.72848458,13.57110047,14.03665703,12.93662243,13.82327374,13.48615755,15.01977006,14.10778797,12.5420558,9.629049324,8.556477802,8.124399639,7.835221297,7.763218265,7.819591623,7.924898282,7.159269928,6.644613923,6.490575178,6.315502014,6.254690546,6.18109075,6.147085562,6.139967179,6.278315639,7.389750586,7.529694735,11.48001424,12.56403166,1
10.98902257,10.03049171,8.531509278,10.16095048,9.786120102,8.048624461,7.072724888,6.029270537,8.149036357,9.573872042,8.53490636,9.310840714,8.833394021,6.621019138,6.10464246,6.26274882,5.571150982,6.270456191,7.305189075,6.393494509,6.785381069,8.08921025,7.935929828,6.826218283,7.450411924,8.317112931,6.215573031,2.458506311,1.996880444,1.921578017,1.776475793,2.296215088,2.307744217,2.014839616,2.6481928,6.612105827,7.591818067,8.102481581,8.128426586,2
5.128494745,5.160692749,4.853881774,5.312518101,5.527856021,6.303553311,7.004939507,7.258612987,7.244977837,8.917322798,8.311702948,7.125068316,8.11302169,8.074646614,7.529411758,8.256810529,8.232005368,8.033202071,8.145788047,8.486788675,8.084328817,9.037076444,9.333030749,8.840955823,9.124955417,9.842224027,9.753110306,7.021183081,5.070549096,3.990304005,3.335270107,2.782744344,2.830171085,3.293985176,4.814500007,8.83764193,9.499713573,8.388128118,9.187185018,0
11.01736554,5.9489704,6.240996322,6.369185118,6.426579261,5.722585494,4.139126734,3.857622337,3.552369108,3.675074875,4.063666726,4.12462917,4.143064725,5.346065948,5.486422949,5.147663675,3.942177899,4.771067949,5.09717459,5.245778357,4.488105119,5.281179197,6.429400389,7.748307895,6.258743089,5.800249391,4.113406617,1.915606925,1.704310063,1.921162245,2.074725991,1.995906088,1.843699489,1.861780251,2.52350269,6.059717189,8.177570621,7.041316666,6.090146393,0
10.22940397,11.13896652,8.157290124,8.166751006,7.108453627,7.549448524,8.615880883,9.027755815,7.008701445,8.092633097,7.202993329,7.018472453,8.546601075,9.286459207,7.738585656,8.830838864,9.591733369,8.578969372,8.828672303,9.036626537,9.015522664,10.00582077,9.901601129,9.85908212,9.34307459,9.066987968,9.955145949,7.783426025,6.930288353,6.388021952,6.124851099,5.894101983,5.859172234,6.001087046,6.816202094,9.06561205,10.53675081,10.388851,9.850948591,3
10.66311965,6.525055563,10.11462429,7.478183509,11.28626129,8.549262301,9.998995537,12.05162918,10.4300113,8.391419245,7.893021144,9.136449497,8.861164077,7.467495453,7.423770354,9.682683378,10.06575314,9.04018664,8.553331863,6.966498842,7.262029647,7.01218192,6.703411456,6.85881074,7.468481682,8.233215072,6.78350101,4.294925669,3.775523853,3.252276583,3.006785012,2.890475036,2.672631987,2.835833105,3.189101517,6.612177148,7.973544252,7.622371852,8.117688517,3
11.81189816,12.10177833,12.65555454,13.02255431,13.38647248,12.76421926,10.96264186,9.016542349,8.910674103,9.8539511,8.987780579,8.416367669,8.866433064,10.58191205,10.89954326,8.72526826,7.147867068,6.864029662,6.812503125,6.474263,6.445130101,6.552189602,6.318767368,6.3554341,6.448270112,6.045522467,5.398803834,5.38517866,5.40319462,5.318604947,5.326591271,5.327043044,5.291438778,5.365348416,5.32439153,5.62732629,5.578585837,5.981751739,9.725469356,0
8.543004997,7.302021777,9.118458709,11.40622709,11.77849053,11.87539071,12.50740847,13.4329574,14.0907246,15.29303907,14.77822213,13.62670639,12.99525827,13.18184892,13.58619621,11.9982967,12.01679316,12.89666179,12.24814651,11.79509235,11.01079129,11.62816805,12.45336496,13.50203777,13.7916982,12.66591555,11.45701715,10.76356817,11.46297124,10.97723367,11.17678434,11.5136758,11.5034698,10.62045578,11.64413839,11.75125282,10.7518431,10.86150527,9.359804701,1
10.47921416,10.16733884,12.79225474,9.66862439,8.435867658,13.14006515,14.02654728,13.81716209,15.61393525,15.91975521,15.50244557,15.04142574,16.57114539,16.25589461,16.53123172,15.86521165,14.44652462,14.16571376,14.7721182,14.75692856,14.55629957,14.48041119,14.33397056,12.66981857,9.830432806,9.521368531,8.811596546,8.858682704,8.748240734,8.584470774,8.485517339,8.411962862,8.352300521,8.374233469,8.538958066,9.12328621,12.66298363,14.34865463,14.68695983,3
10.79959464,6.995162614,6.476261768,7.336484733,6.914824306,5.980933559,4.620252566,4.181736052,4.831093042,4.82637303,2.876216168,2.888215024,3.791702006,2.261392957,3.170281741,3.133631674,3.545855968,3.858276094,3.759824329,4.231678246,3.663621924,4.161092349,5.32003404,4.906776354,5.090311007,6.328664682,5.613206784,4.084962767,3.382339943,3.18373355,3.188826535,2.794349208,2.386108267,2.223166088,1.925067975,4.534319442,5.673354883,5.523678822,5.215970258,3
11.34078843,6.718884027,7.028969953,7.26537085,6.692715073,5.941926044,4.592613733,2.185770637,3.569113922,3.603971455,4.095660461,4.291902358,4.278284984,4.425083913,4.750382088,5.179957675,6.114630581,5.740489784,6.047284614,6.020360886,6.566641651,7.318187756,7.63213761,7.449754757,6.257900077,5.178739499,4.327391622,3.805765267,3.627487323,3.402052865,3.215201451,3.160094673,2.860142148,2.835867627,2.902407535,4.348779824,6.85545983,6.482062035,5.626718376,3
14.43322739,11.18449694,10.70001344,11.0553138,10.96691433,8.488139701,8.545446825,9.469265486,8.933586793,9.954963398,9.812534507,9.516158224,10.5375018,8.623255515,8.763425907,9.574709478,10.41049231,9.840966065,10.09089443,10.04865567,10.34499407,9.686817703,9.69663739,9.816483124,10.87058835,10.75103355,10.49533674,8.482300814,7.482688141,6.742659709,6.314812911,6.02837765,5.995786065,6.167137441,6.953350477,9.645748983,10.23781578,10.24507872,9.054982262,0
8.005482185,5.998230234,5.114221995,4.630245952,3.927437487,3.532612581,3.298311972,3.084757723,2.858950044,2.402446816,2.414823546,2.299145716,2.022871267,1.573919251,1.529672866,1.836483463,1.740868509,1.906365953,2.076873691,2.4501575,2.287187557,1.927410881,1.849676758,1.612531629,1.715507999,2.111152859,2.803992963,2.2466104,1.572380205,1.910351241,2.168540968,2.338948504,2.516881072,1.656670709,2.914005471,3.022835467,2.758839871,3.167909032,3.057083404,1
11.93254443,8.903392295,8.281453185,9.358127762,9.24554879,8.972604519,8.492102662,8.6053789,6.720707307,7.352899648,8.314506067,9.048100906,9.942047528,8.196991011,9.28904284,10.16955449,9.838126326,9.67375316,9.950380307,9.798251338,10.47893727,9.965862379,9.767596917,9.393195625,8.717604571,7.064681693,5.399781386,4.600391435,3.913501006,3.136028641,2.966597593,2.573560277,2.605131587,2.662124025,3.309389696,5.38618043,8.646075516,9.457758904,9.402248473,3
5.361980772,12.96930431,9.063002652,8.891262966,10.41851207,9.271091942,8.987189672,8.695069514,8.394361091,7.354473093,6.535576577,8.631841209,8.63243206,8.693402481,8.131432795,8.605236116,8.463521969,9.090059769,9.311699759,9.6168408,9.813017387,9.442259047,9.553360595,8.003168058,7.61235061,7.674319843,7.049590694,6.649443897,6.420975513,6.125363974,5.965415725,5.890193968,5.744799764,5.669162476,5.709129027,6.973053575,8.257467791,8.903912648,8.538458202,3
13.10145446,11.81295544,12.3162626,11.14479524,10.50871978,11.23816448,11.99607983,12.82623071,12.91228506,12.95247837,11.51978351,13.16350843,11.40614865,11.69735805,12.48671596,11.80286992,10.81958456,11.58446735,11.34029926,11.00679666,12.35900657,12.25662262,12.31568863,12.7271131,11.30036783,9.485636221,9.559879809,8.480363529,7.801776415,7.372539244,7.1356243,6.902708812,6.70592192,6.65406366,6.844871788,9.357462679,12.65774014,12.1559652,11.33848893,3
11.27308428,8.764872852,6.088192067,4.82672234,7.549100457,8.01248848,8.57179482,8.511005889,7.913898849,9.330447716,9.608404035,9.449897613,9.677791779,8.931121065,7.65910683,7.369294342,7.910892979,8.995818071,7.550131571,6.073779498,4.534429336,7.15526883,8.658155413,8.461632411,8.882336312,8.217739352,5.569439672,4.624940441,4.462596232,4.073196794,3.779364,3.700434848,3.594753191,3.256292231,3.626368074,7.597978809,8.473536561,7.408887097,7.139572546,0
10.71676223,6.78639272,7.454933922,9.923854661,9.787122961,7.840546176,8.885080713,9.293598564,7.86193256,8.135138507,7.376452141,8.548485831,9.777589942,10.43887849,10.64032288,10.60096516,10.7239524,10.1160878,10.68881592,10.9627105,11.15672317,11.00131614,10.97017926,10.94229507,11.09568863,10.66303481,11.4952623,8.730595552,7.491359341,6.740307189,6.392775713,6.246813912,6.272211455,6.609722687,7.507383831,11.17978324,11.1786195,10.48073333,10.87594685,0
9.527361538,7.214344157,5.489689293,7.423979969,7.096432743,6.563502388,5.90610322,7.032631176,6.910372035,6.948939999,6.029954021,8.035979247,8.130378538,7.156743189,7.788955437,8.110268705,8.107295565,8.812329084,8.932243389,8.997180289,9.096444487,8.955909638,9.181105527,8.290208472,5.773017108,5.465380896,2.894407102,2.534096591,2.353397353,2.164644478,1.761674051,2.019146304,2.310740769,2.51805526,2.734600455,4.662569936,7.583650377,8.613617899,7.876516939,1
12.88576876,14.8598448,15.89220961,13.51359954,12.3244664,12.51528994,12.47040012,12.04286084,11.6847329,12.64185229,14.88334832,15.41703177,13.56941173,10.44070276,11.46660667,11.29417833,10.85733828,10.79605847,11.21402788,11.22755207,10.67999713,10.51824892,11.21153807,9.027474723,8.967975966,8.920990892,9.026971427,8.171390414,7.634637498,7.257252736,7.068982376,6.937645997,6.933777089,7.04915819,7.561645755,9.20610343,10.19581839,11.01031832,12.20974345,3
7.649668382,8.08410042,8.61778878,11.3139195,13.79652805,15.62350788,15.09194478,14.50372708,16.24029648,18.52355504,18.78165627,17.04196382,16.92860704,17.99416829,17.30905777,18.32598783,19.04805021,17.66242882,15.08784104,14.9014014,14.06542397,13.17275906,13.15084612,12.72639721,12.49734877,12.1824583,12.38925225,12.11720707,12.50379241,13.36266609,13.53717033,13.1185351,11.80636631,12.84119182,13.77163654,13.31703091,12.5080839,11.79400985,10.70030755,1
9.774250504,12.81399512,9.919378537,11.69263044,12.58154095,13.06633486,14.82626964,9.296185742,9.55504697,10.42825291,10.9090279,9.890187872,10.9212695,8.008270025,10.83136488,10.90128856,9.742950614,11.20910383,11.22947293,11.51167925,13.17716166,13.4006478,13.72865731,14.11467731,12.23933889,9.369447023,8.293814335,6.813234505,6.233031133,5.87468815,5.784302596,5.774591631,5.834265372,6.26781579,6.887101653,8.650347592,13.7389596,12.80612536,9.463141174,3
10.8946247,8.684173653,8.512212886,9.864814898,9.847425567,6.289311497,8.690854384,8.511427245,9.321444129,9.559750274,9.04080302,9.574286595,9.854614356,8.97996049,8.388179446,7.935038854,9.150828309,8.300757729,8.905166085,8.460688554,8.451024229,9.560929857,9.322146946,9.66952623,8.227916777,6.333705292,3.522370482,1.775689416,1.621526519,1.335668323,1.577528889,1.107813771,1.446857867,1.50688843,1.431454208,5.607351594,8.633259839,8.577574255,7.766617016,0
12.0155516,8.395582438,11.06813583,12.83997036,11.55153748,9.406747284,10.73411265,10.460215,9.868179516,12.73277471,11.68185032,11.89887893,12.45567598,12.89404524,13.10651218,13.9026555,13.83002621,12.86196678,11.24524882,11.20901402,10.64882777,10.34818486,11.49457982,11.58976304,8.24773965,8.283887597,8.683695964,7.205994592,6.577232231,6.205123269,5.987212617,5.913442401,5.837642672,5.951751307,6.517776413,8.38190644,10.10507341,11.62107573,12.74570435,3
9.920186395,9.65579401,12.70434198,13.20473421,10.45271432,11.23542096,12.29242398,11.99315402,11.94490913,12.4552515,10.21179744,9.5207288,8.928916908,6.3507329,9.536501075,10.52105155,9.513460055,7.851397139,7.918654717,9.170236131,9.037643134,8.036273915,8.467254723,8.066455578,7.193791426,8.719355791,8.620983305,6.245045338,5.342907948,5.018184297,4.990115083,4.972098704,5.121706293,5.401891151,6.324525041,8.434388252,8.64005122,9.101978364,9.949887424,3
9.120890074,10.0506496,11.12305939,10.06971145,9.223132461,8.288230739,8.541717881,7.331605992,6.654271839,9.794436512,9.284235741,8.464613334,9.43309446,9.041557087,8.815801664,8.092665337,8.765122196,7.994437906,6.131833246,5.697400505,6.893202247,6.961282866,7.206508384,6.336809124,4.852458136,5.375011547,2.367997141,2.031475324,1.600339561,1.453593317,1.455812585,1.861580328,2.122438384,2.177355112,3.011799603,4.612406782,6.036541704,6.527345787,7.755887583,0
-0.057149016,-0.695293786,0.176224328,-0.159760902,0.163958973,3.934891957,4.949853563,4.059391072,2.650762791,3.091171109,1.87513141,3.634975295,3.271151066,2.220102539,1.743667541,2.047143591,2.500415731,2.110580106,1.525750022,2.012293378,2.681916777,2.494720184,4.047792202,4.974883614,5.461098575,5.806921777,4.889788317,2.864281732,2.302905935,1.788518336,1.244999264,1.368290661,1.833493204,1.679751592,1.783726678,5.78622557,6.288580019,3.880901165,4.979483776,3
12.18818561,10.54845963,7.777384058,10.31550779,9.427183946,11.68721052,9.542818982,11.54758272,12.06621866,13.06309111,12.13853495,12.09147921,12.34985173,11.68248755,10.75465202,9.55741637,9.377926943,8.537243443,8.526617114,9.658060632,9.617677925,9.920425636,9.239667575,9.746332475,8.798712399,9.20572419,9.059821965,7.669041151,7.138778159,6.75551145,6.542335114,6.332262104,6.056812873,5.719066998,4.974081749,8.049430386,9.325212065,9.144251916,10.73196442,0
7.307767475,12.16780737,13.62513524,16.73577562,17.74425631,15.35804052,17.31919446,17.10698676,15.66834451,15.14043038,13.77208376,15.42496803,15.31238822,14.9353219,15.48527245,15.43464492,14.53283885,13.44209293,13.91052069,13.94698992,13.47670085,12.80872506,12.13287062,12.60666314,11.12644593,10.7000752,11.03889103,10.36300561,9.984866874,9.781382783,9.72096708,9.687308938,9.675175512,9.778459834,10.08934734,11.23631373,12.08277018,12.53300842,12.86276168,0
7.307767475,12.16780737,13.62513524,16.73577562,17.74425631,15.35804052,17.31919446,17.10698676,15.66834451,15.14043038,13.77208376,15.42496803,15.31238822,14.9353219,15.48527245,15.43464492,14.53283885,13.44209293,13.91052069,13.94698992,13.47670085,12.80872506,12.13287062,12.60666314,11.12644593,10.7000752,11.03889103,10.36300561,9.984866874,9.781382783,9.72096708,9.687308938,9.675175512,9.778459834,10.08934734,11.23631373,12.08277018,12.53300842,12.86276168,0
7.998532751,6.041786057,5.135489241,4.60717903,3.861678565,3.682122994,3.328538209,3.002963029,2.89579064,2.635592579,2.716631249,2.443892606,2.364153433,1.392726651,1.585813368,2.017422199,1.5713936,2.194754149,1.751489496,1.285269312,1.21148955,0.778121803,0.080416811,1.439590391,1.323791608,1.549511422,2.163184679,1.975187016,1.789829242,1.83704155,2.470131214,2.924743807,2.972067368,2.674315352,2.550050549,2.284202533,2.822728243,2.863427562,1.863005813,1
7.973217354,7.577415001,10.3738971,12.67760872,12.87884477,11.48478902,13.42993691,14.1979951,13.72323092,15.533892,15.86600172,14.95347601,15.3066622,14.68003006,13.36500853,13.83768728,13.4515236,13.95872339,12.34150564,11.24135782,11.72001537,12.7643679,13.9091607,14.79805288,15.39501279,15.84557753,14.88334458,13.56095215,12.27762506,13.12690269,13.67055232,12.43659155,13.24326471,14.9708465,15.17889234,13.87765608,13.12080627,12.39278285,12.51188027,1
11.96932931,11.82736773,11.51333429,10.98431234,9.26677746,8.396680379,8.712461667,8.365115267,8.865740373,12.14709002,13.05705298,12.54010348,12.5409816,12.97961121,13.96155391,13.45692998,11.30079505,9.07041699,9.437756921,10.64060659,11.99250252,10.57187836,7.584224473,7.317421932,7.479156729,8.216096926,8.980663949,6.614426592,5.116585366,4.276697165,3.909990629,3.339512522,3.033518743,2.62896314,3.311117818,7.815481375,8.156440863,9.963202923,11.78815231,0
7.430377903,5.365269001,4.598102403,4.146671078,3.197867905,3.116476507,2.902631608,2.339874422,2.463250349,1.89495989,1.721570261,1.728834793,1.723528125,1.683765033,1.259281652,1.356130344,1.363183068,1.605197009,0.879470263,0.884688552,0.909471413,1.234021032,0.937673376,1.369213501,1.644660468,2.060923955,2.066858181,1.898726271,1.401450911,2.038185983,2.097582803,2.508183998,0.96965922,1.860273502,2.196422633,3.001531505,3.034933049,3.137690972,2.468261388,2
-2.782105741,-3.396157733,-2.17820087,-4.824830387,-0.245505826,-0.899078054,-0.726032896,0.639011413,-0.145566569,-0.07091128,-0.476391693,0.306316674,1.037831487,-0.517411863,1.011121713,1.532379369,1.059780841,1.717374433,0.740300532,1.361019419,1.220533324,2.362003989,3.522307086,4.570076513,4.992466032,4.739681665,3.531023615,1.423400338,1.020909276,0.600024466,0.967144966,0.866117693,0.480205312,1.463539148,1.541587725,4.28386564,4.661379424,3.366240808,2.432430782,3
7.502501273,5.094251878,4.409468989,4.957763995,5.147295023,5.443374519,5.621807337,5.833558193,6.085387089,6.492064177,7.258809725,7.933437775,8.322815867,8.556484708,8.705049848,8.562116631,8.152788277,8.083618358,8.64013072,9.424600276,10.01558333,10.17662326,9.972402226,9.49712151,9.263077518,10.20145193,10.90745742,10.9972094,10.48757809,9.97575872,10.94837034,11.48189305,11.09093455,10.29820804,11.2603521,11.64356721,10.89231091,10.83924899,11.05760883,1
11.58949163,10.20109039,10.0506327,9.910669265,10.17165261,9.364945556,9.697660254,10.37407492,10.05822034,10.91009913,10.90726072,11.23776608,11.65304892,12.41496011,13.14305521,13.0838818,14.07742448,14.94909157,15.11552643,17.31717317,17.34706817,16.95110399,17.02302513,15.94001159,13.72385238,11.05365898,10.72979945,10.76359438,10.61113099,10.40622558,10.30468858,10.22638183,10.19642358,10.28157643,10.46029178,10.78742408,15.50550512,16.8456986,14.49846586,0
11.50284127,10.23841284,10.50160182,7.641021584,7.880737521,10.12760543,8.863143221,9.152084794,6.715494823,8.434695425,8.530347346,9.010670423,8.525419576,8.53718629,8.288700076,8.602300444,8.759247942,9.294793769,9.474154006,8.497327387,8.847044023,9.288840622,9.648965228,8.643942997,7.602803641,8.187016036,7.124787053,5.658306711,5.094410092,4.625766952,4.397628001,4.325528215,4.282231308,4.383441025,4.865457597,7.584615398,8.806217361,9.224091579,8.686421543,3
7.414376833,5.407397001,4.527131407,4.093493786,3.217828419,3.094104005,2.783402079,2.576108108,2.191555578,1.582345119,1.888927026,1.677347428,1.69993308,1.719110094,1.583715349,1.159779848,1.480316835,1.480854276,0.949983949,1.405680144,1.163825268,1.395150563,1.187960919,1.490602515,1.545128639,1.30238102,2.166926866,2.230098174,2.655325864,2.119160083,1.506705267,2.256086608,2.712615468,3.157191288,3.397863258,2.242716872,2.559484173,2.8549203,1.950230723,2
10.64876007,6.483058353,6.133058807,5.301798553,6.857632328,7.459209548,6.841223679,6.986246372,7.068862237,7.784859874,7.654996726,7.51611715,5.511339245,6.997338873,6.763591265,7.845401364,8.163921967,8.353173252,7.821366108,8.761974513,9.273768977,8.513481194,7.965253996,7.545565566,5.64324258,5.386572538,4.378358767,3.591786334,3.330876012,2.772416104,3.05867639,2.47511273,2.120459298,1.875262072,1.720343282,5.274973725,7.597916031,8.418711546,7.766002376,1
12.06629053,12.67370786,13.54312533,15.05301596,15.87949317,12.41262726,14.26381789,13.28229254,11.82409396,13.69414123,10.54135782,10.85382017,10.52023995,11.42587948,12.17209735,12.31320542,12.68044957,12.30256694,11.9742846,11.75656362,11.66980218,11.24114544,12.00837258,12.38052665,11.13045926,10.38363591,9.299832332,8.543192846,8.132752602,7.843212492,7.747737618,7.713309487,7.713132109,7.842625108,8.253105265,9.543985053,10.92739494,11.07131203,10.71771415,0
10.87998029,10.24743519,7.0404149,11.49424919,11.60411019,10.30040807,10.91561981,9.083886064,9.835972833,8.694012931,8.139509967,7.419911365,7.878836972,8.668863394,10.62546383,10.2123926,11.22785934,10.12004293,10.91648768,10.05915059,11.30223344,11.65602413,10.76990394,10.65629764,9.354731193,5.69745773,4.939706522,4.413316959,4.000140776,3.908998786,3.771655375,3.666816997,3.503782083,3.649080593,3.977573379,5.619378164,11.70319358,12.29744211,10.92261432,3
7.358079631,5.308513746,4.461106309,4.123602341,3.158330853,2.695425075,2.613030331,3.025206303,2.839563145,2.410061505,3.530815756,5.830210121,5.448683412,4.360978644,6.434459669,5.535207305,3.910011837,5.418092973,4.494372251,6.093435233,6.451365717,7.981026223,5.931624535,5.241486524,4.926117269,5.121091124,7.302928294,6.356383478,6.177863928,6.467694531,6.673248192,6.412247818,5.856662872,5.723327802,5.611808281,6.144522621,5.123789089,4.96126992,5.051751531,1
7.455281544,5.418708749,4.576538016,3.987734999,3.480051617,2.951610728,2.813551484,2.672902941,2.277497601,2.02051711,1.8363073,1.679684821,1.820772358,1.566072462,1.4547345,1.244305045,1.252723233,1.095849997,1.209560894,1.358345617,1.682540454,1.544202695,1.746295757,1.948537346,1.908316941,1.850577158,2.243232722,1.878953449,1.998337927,1.957483278,1.914886608,2.49035001,2.209298656,2.128936658,3.430179261,3.061346722,3.078549631,3.014318581,1.640613159,1
11.60997908,8.045513393,11.67970982,11.84657531,11.05202459,8.692179822,9.034174969,11.37830417,8.838651868,11.08303494,11.19558755,10.43082363,10.76891597,9.754828007,9.935137195,9.537194777,8.376813621,9.167440086,9.252547051,9.464153951,9.366549196,9.212028587,8.797062731,5.583635268,5.064950034,6.892689464,6.327551572,4.774001616,4.311710341,3.957147129,3.581215826,3.623514593,3.397709952,2.928227925,2.576195913,5.812955132,7.782933724,9.034118621,10.27120338,0
5.128494745,5.160692749,4.853881774,5.312518101,5.527856021,6.303553311,7.004939507,7.258612987,7.244977837,8.917322798,8.311702948,7.125068316,8.11302169,8.074646614,7.529411758,8.256810529,8.232005368,8.033202071,8.145788047,8.486788675,8.084328817,9.037076444,9.333030749,8.840955823,9.124955417,9.842224027,9.753110306,7.021183081,5.070549096,3.990304005,3.335270107,2.782744344,2.830171085,3.293985176,4.814500007,8.83764193,9.499713573,8.388128118,9.187185018,0
10.72968435,8.396529511,7.719784345,9.651592231,10.44777856,8.064590643,9.877351532,8.862920862,11.44368503,13.82747647,13.75214975,14.86291662,16.38035948,16.21724056,15.09601311,14.65476982,14.55931729,15.28125939,15.90684593,15.54815544,15.37676627,14.80620921,13.27928754,11.53230191,10.75051982,10.51040612,10.19265863,10.08306208,9.972257535,9.790283083,9.676365522,9.56194278,9.439793872,9.327528174,9.144437221,8.942413915,11.66142379,14.26670666,14.22808264,0
12.06629053,12.67370786,13.54312533,15.05301596,15.87949317,12.41262726,14.26381789,13.28229254,11.82409396,13.69414123,10.54135782,10.85382017,10.52023995,11.42587948,12.17209735,12.31320542,12.68044957,12.30256694,11.9742846,11.75656362,11.66980218,11.24114544,12.00837258,12.38052665,11.13045926,10.38363591,9.299832332,8.543192846,8.132752602,7.843212492,7.747737618,7.713309487,7.713132109,7.842625108,8.253105265,9.543985053,10.92739494,11.07131203,10.71771415,0
11.75813188,12.10417594,10.23271223,13.44383796,11.63102418,8.64990561,10.42020869,11.14079348,8.919777549,10.12362682,10.01916192,9.518921774,9.438241377,9.64706789,8.948669058,8.694289343,8.851174845,8.566170454,9.010739425,8.116120659,8.402627392,9.048777737,8.707000479,8.40162656,8.52751766,9.182713749,8.20848648,6.94096638,6.431359163,6.209034976,6.136365718,6.164521743,6.33279716,6.599901504,7.176834052,9.430621625,9.475683524,8.130880175,8.180047184,1
10.71174932,10.90761551,12.40057325,15.48551683,15.68543652,16.02435932,17.02988444,16.51998546,16.83105647,17.04531068,14.5275118,12.96029003,12.3109917,12.42109016,12.92928778,13.13138508,12.1753792,12.52699503,12.21582924,12.50842111,11.45291859,11.13993386,11.4174778,10.59174246,11.23788533,11.14141605,11.56232581,10.63947655,9.082779573,8.570819394,8.305202402,8.112123169,7.952665362,7.830163107,8.141535483,10.22956596,10.92789529,11.7711432,12.67165999,0
11.21160822,8.803628014,12.29375704,14.62258441,14.54044216,13.42629611,14.78282558,15.41126648,13.58755243,14.47664523,13.91016511,14.43107088,14.17726229,11.40188892,11.92688811,11.6107628,12.2581738,12.08578463,13.19703754,13.34309964,13.80389911,13.01187421,13.0197106,12.40760778,11.35493492,10.53885423,10.17003469,7.144328566,6.805175308,6.882433639,6.779900096,6.745524064,6.694053988,6.633936542,6.777070433,9.430212314,12.45548718,13.02717435,12.57919451,0
11.57930251,10.30597952,10.9420395,9.970067878,7.990400328,6.778181175,5.783406606,7.696358165,6.655877793,7.359874476,9.59805833,9.118580344,9.030305365,8.873621568,8.795920887,7.706890732,5.901168105,6.740471659,8.086843843,7.517782655,5.917411365,7.06557896,6.48226321,5.946630597,6.457163326,6.54072385,5.646650801,4.02471012,3.351524767,2.971861173,2.871032008,2.750905342,2.165426728,2.105884395,2.8900782,6.240606173,7.246469227,7.019958916,7.053816875,0
11.54919689,12.63985972,14.31248049,12.29296681,10.3421091,10.12696501,10.55979838,10.59416969,11.4961523,14.53155841,15.35002177,16.08205488,13.0292503,8.059337247,14.13444805,14.86631587,12.47593244,12.29601483,13.86423075,13.72374396,13.25798186,13.60329361,10.84283734,10.28498262,9.76096544,9.842766765,9.813761822,9.015782282,8.705286951,8.495515925,8.385886222,8.299375214,8.221684246,8.192101114,8.130332737,8.024278014,10.83898057,12.54351862,13.0262227,0
7.286430501,5.295729315,4.332006151,4.001553721,3.16384749,2.863362678,2.894075899,2.301791224,2.173212335,1.601925538,1.578931192,2.029328281,1.406422698,1.332883663,0.757338502,1.165918373,1.309467429,1.386250228,0.777665828,1.58018815,1.40992621,0.987798466,2.143822108,1.871584439,1.334552946,1.153451508,2.087824659,2.166910642,1.963470855,1.993897052,1.558859232,2.401026406,1.995368255,2.387315655,2.829944932,2.637272568,2.216338569,2.871530894,2.450398716,1
12.42467345,12.93406105,10.60649968,15.43981981,15.91326083,15.86201454,14.64508747,12.74115754,11.2529665,12.22678025,12.47490421,13.30221233,13.00204817,10.95442442,11.1837415,12.15293523,11.72782093,10.83903459,11.02589758,11.58443871,11.87997959,12.09582865,12.2963358,12.55196608,11.72106936,10.99624497,13.64459678,12.98124194,10.99809899,10.24441863,9.830441653,9.504172032,9.213724744,9.037733013,10.31050105,12.56982518,11.89319997,11.41879109,10.98353535,0
11.13585783,12.34136445,12.3027895,13.29698007,12.87048064,9.237249282,14.27500057,13.21828339,10.75119492,13.03476828,12.55053497,12.41460469,12.92551814,12.19930192,12.711789,13.39319997,13.45264622,11.89059708,10.48264816,9.648700031,11.15915764,10.6082534,9.596758636,8.42373683,7.824499393,7.82546003,7.938699478,7.572165321,7.375890634,7.155180879,7.012813171,6.877691212,6.744300912,6.555011359,6.25955061,5.929209043,9.365347392,12.00012259,13.34429098,0
13.01252286,10.97829193,8.011391616,8.682641855,9.619796368,10.43922112,10.33264475,8.845644174,6.446809218,8.268188224,9.440804967,9.927351605,10.28244595,9.079924422,9.191722239,9.73996745,8.618850231,9.615753621,9.731241055,9.676757198,9.109844817,9.492408181,9.227713514,8.782920491,9.501791226,9.58677092,9.44998051,7.306734628,5.14058645,4.41229022,3.97670129,3.541506669,3.233940893,2.743370796,4.649331714,9.108878396,10.09798884,10.491444,10.69496225,3
11.58949163,10.20109039,10.0506327,9.910669265,10.17165261,9.364945556,9.697660254,10.37407492,10.05822034,10.91009913,10.90726072,11.23776608,11.65304892,12.41496011,13.14305521,13.0838818,14.07742448,14.94909157,15.11552643,17.31717317,17.34706817,16.95110399,17.02302513,15.94001159,13.72385238,11.05365898,10.72979945,10.76359438,10.61113099,10.40622558,10.30468858,10.22638183,10.19642358,10.28157643,10.46029178,10.78742408,15.50550512,16.8456986,14.49846586,0
1.066106314,0.776445029,-1.837491793,2.045734508,4.808002627,5.238517699,4.498713709,3.933874812,5.588600691,8.114956764,8.848105804,10.0824709,9.563387895,8.061854959,5.742630522,7.005340512,8.555858803,8.729886826,8.740097142,7.482754126,8.417376319,8.024804655,7.693776185,7.98277429,8.402514275,8.792213459,8.138361124,6.063768192,4.460214624,4.049136016,3.960557857,3.579771596,3.447331879,3.069641974,4.412285306,7.889401801,9.033175688,8.417156695,7.918268296,3
12.42155977,8.486669823,8.967617672,8.193570216,9.491332028,7.583039996,8.654346647,6.614014029,6.757468719,7.18506144,6.568446576,8.396346924,9.485474766,8.330024361,9.151563298,8.874486966,8.805177569,9.353471935,8.811891494,9.369495884,9.194771922,9.369181043,9.493487501,8.952238758,8.763031848,7.044094919,6.078170613,4.800084576,4.392845553,3.973853223,3.734743324,3.611725997,3.514924711,3.24117597,3.593223783,7.538006388,9.519527192,9.491588169,9.063399738,3
7.39293373,5.39598476,4.456374624,3.994056281,3.204395658,2.927021272,2.622869521,2.534727881,2.291233709,1.640626289,1.994103801,1.548954727,1.206760336,1.165311041,1.45380084,1.808898538,1.616867411,1.362265808,1.608971832,1.71027375,1.938286568,1.985818434,1.863792722,2.355828149,2.024439649,2.483330878,2.714109432,2.436888233,2.54937768,3.110834081,2.316966994,2.278262219,2.737157755,2.445996722,2.779815048,3.16903748,2.508771745,2.614564823,2.314874941,2
11.63635405,11.10645891,8.891141195,10.82824545,11.38171632,9.890949144,9.069224427,9.214444895,9.401934801,10.63612141,9.352185546,10.77360793,11.27293617,11.6001846,10.82960301,11.55465986,12.14292004,12.36967918,11.26174769,11.10841718,10.94561484,11.79176981,10.10983074,7.943109593,6.317484106,5.502467488,5.038670978,4.97838437,4.729271537,4.561276303,4.57001896,4.653499095,4.720134552,4.95024783,5.443253387,6.420809683,11.17252579,12.64032629,12.31146715,2
7.39293373,5.39598476,4.456374624,3.994056281,3.204395658,2.927021272,2.622869521,2.534727881,2.291233709,1.640626289,1.994103801,1.548954727,1.206760336,1.165311041,1.45380084,1.808898538,1.616867411,1.362265808,1.608971832,1.71027375,1.938286568,1.985818434,1.863792722,2.355828149,2.024439649,2.483330878,2.714109432,2.436888233,2.54937768,3.110834081,2.316966994,2.278262219,2.737157755,2.445996722,2.779815048,3.16903748,2.508771745,2.614564823,2.314874941,2
12.56156771,12.68888664,11.53881979,11.43735425,11.24013273,11.5241251,10.48925302,10.31580539,10.18525639,11.52376048,10.9115918,12.00517511,11.84389753,11.33706313,9.805915033,11.27659443,10.8614833,10.64898921,9.584379263,10.40270751,10.70555913,10.57666825,9.645923583,8.975147245,7.730669005,5.640437278,3.848358115,2.819985724,2.183941779,2.280874286,2.188202746,2.162496695,2.210544961,2.311065226,2.528068266,4.200472833,8.885351812,9.368236092,9.675677219,1
7.42958224,5.418116926,4.602672976,4.060715789,3.451157784,2.90830516,2.719197997,2.490373702,2.221056018,1.857400707,2.05640908,1.522181026,1.420883295,1.150596187,1.304429136,0.925829915,1.459200349,1.716891097,1.711724207,1.430153307,0.614471607,1.144230714,1.289935105,0.903668198,2.003982871,2.368338885,1.593093948,1.902548874,2.20475807,2.738607973,2.079881582,1.726923737,2.311771306,2.164717203,2.753395529,3.508164491,2.427774509,2.33734052,1.790950371,1
11.02635154,6.13623662,6.556684425,6.605723355,6.300174473,4.711279036,4.842480348,2.91249917,4.270701343,3.536796718,1.308209065,1.755602997,3.638899201,4.023500003,5.125498206,5.322792245,5.084362227,4.217078638,5.86521078,5.886875533,5.150107631,5.660957176,6.447410225,7.569449731,7.120180236,6.545264501,3.58341048,3.035754513,2.506669005,2.125329758,2.216164969,2.104040754,1.711667152,1.928094017,1.566362057,6.281649161,8.290552775,7.506067701,6.358155709,0
7.298631094,5.306981564,4.386372003,3.870601384,3.022496834,2.738215193,2.295822511,2.267772415,2.600346771,1.851583526,1.995311131,1.860612473,1.487112957,1.897753468,2.09647685,1.370288213,2.040388982,2.236846456,1.303672848,0.758749843,1.626570785,1.645242094,1.954459542,1.749871565,2.375716237,1.529006152,2.236100031,2.336813746,2.255718266,2.0934896,1.824642953,2.300909564,2.193837635,2.08267206,2.335414012,3.24237883,2.954995756,2.93569875,2.167488022,2
13.59920588,9.479803452,9.919237898,8.699535281,10.25785245,10.43953998,9.904031353,9.089266731,7.720732406,10.16760033,10.55277128,10.38849891,10.27107792,10.1939127,10.47971662,9.841741215,9.253272011,9.284976188,9.305653536,8.853199784,9.004077142,9.07741444,8.823043042,8.953859875,9.259291393,7.988921768,6.855160254,6.41219278,6.142295028,5.791694932,5.655819745,5.430534819,5.157489251,5.021149989,4.515732782,5.467313483,8.636090015,8.381642837,8.167279804,0
7.408955909,5.393747,4.477550016,4.024056172,3.215687457,2.935910811,2.746097051,2.547069428,2.389759329,2.077585858,1.986053119,2.050448969,1.594495746,1.138082608,1.595170428,1.477903421,1.474075498,1.524206368,1.279431615,1.295254684,1.204458044,0.127825058,0.639148019,1.070848928,1.614821706,1.697793009,1.886930262,2.268300718,2.038560196,1.490379761,2.662871483,2.043893658,1.69237226,2.34520134,3.29778182,3.091394925,2.674711592,2.832993663,1.931702502,2
14.43322739,11.18449694,10.70001344,11.0553138,10.96691433,8.488139701,8.545446825,9.469265486,8.933586793,9.954963398,9.812534507,9.516158224,10.5375018,8.623255515,8.763425907,9.574709478,10.41049231,9.840966065,10.09089443,10.04865567,10.34499407,9.686817703,9.69663739,9.816483124,10.87058835,10.75103355,10.49533674,8.482300814,7.482688141,6.742659709,6.314812911,6.02837765,5.995786065,6.167137441,6.953350477,9.645748983,10.23781578,10.24507872,9.054982262,0
7.436427734,5.444600384,4.445314134,4.09845128,3.371330541,2.943771234,2.934497634,2.51660692,2.284879224,1.846377673,1.830201102,1.498412273,1.887083785,1.40332221,1.51429099,1.123886254,1.018479545,1.355041185,1.488495502,1.496020329,1.443336485,1.28235663,1.793867764,1.330158393,1.004633004,1.588451588,1.882979485,1.793594997,1.641183437,2.193907883,2.242759321,2.29858042,2.510273744,1.895348161,3.009837469,2.648260547,2.076998617,2.109371027,1.887535619,1
11.59776271,11.5594978,10.91569224,10.65698571,13.24646511,10.89959273,13.50551454,13.51886752,13.63657585,13.13831651,11.58983472,11.38363929,11.9432943,11.94007152,13.05475585,12.50108906,10.96890248,9.376338734,10.06165614,9.760801876,8.983925216,8.946756474,8.550103728,8.367854204,8.495304543,8.979606687,8.48046103,7.583379035,7.111113105,6.929763052,6.827530787,6.752798944,6.77821515,6.909930539,7.261332641,8.610306704,8.417493385,9.482819441,11.60363896,0
10.25727836,10.77468747,9.722581335,10.2231361,11.53110142,11.39302698,11.14598911,8.09576133,11.48892881,11.12291173,11.45451604,10.95533811,11.31460187,11.82568946,12.01596842,11.77233183,12.49157409,12.36923775,10.72436588,10.35903704,9.309669537,7.549476264,8.722302538,8.343822987,7.252210109,7.259905971,6.602853873,6.552642815,6.456277066,6.397230805,6.369159352,6.273271342,6.199730548,6.202273152,6.124382251,6.311581092,8.137502652,10.60402684,12.14324143,0
9.952018937,9.322030042,12.28596271,11.07111444,11.702024,10.7256122,7.240509726,7.111883341,7.878101826,7.43805404,7.000571777,8.428465705,8.641708941,8.342242455,8.36662671,8.21316626,7.893387564,8.037071104,7.344662421,7.116905686,7.511441785,7.49109679,6.919592429,6.840382681,7.715241794,6.218799095,4.604843146,3.834179654,2.893047056,2.604558784,1.835009743,1.442377902,1.714619611,2.152331945,2.700645581,4.642912551,6.803705719,7.881900602,8.133702032,3
8.978076899,8.638279368,9.037739634,7.902037135,5.694114549,9.498037095,8.096596707,9.526813179,8.96136019,9.390434359,8.541653337,9.779419655,10.59131627,11.85519569,11.40580002,11.86228058,11.10819599,11.10138646,10.65347416,9.411167207,9.106048329,9.137129967,9.014911349,8.83392407,7.50136023,8.030695614,6.600822239,5.336029781,5.133584081,4.731176883,4.509068432,4.309369537,4.262341705,3.833119692,3.346962367,6.229478946,8.698653586,9.859962855,10.46897141,0
11.93626415,8.514195728,8.346924088,9.173342048,5.449624522,10.26521317,9.663020646,8.234951508,8.212048186,8.905978144,7.597620229,8.02100654,8.825783638,7.031818234,8.134802007,8.516378189,8.951417602,9.352483417,9.467575998,10.05606478,9.966049067,10.43329607,10.09360252,9.22066127,6.807917848,6.273471268,5.582749022,4.140136947,3.600461593,3.157334235,2.920565007,2.739173785,2.722328328,2.852947325,3.569518289,6.20432617,8.461606602,9.116177422,8.151843927,3
8.03785783,6.051344498,5.097676816,4.737548583,3.924099837,3.627484147,3.393396277,3.136517027,2.936220869,2.44941234,2.326885064,2.410040482,2.400675933,1.904617343,2.129130634,2.211925248,2.353368482,2.161455486,2.561728802,2.045432464,2.384909786,2.031901101,1.718264473,2.371303591,1.953722193,0.645644962,1.515352175,2.477363258,2.035344283,2.695749968,2.408538185,3.259397862,2.645697993,2.434042396,2.775028044,2.412245024,2.187518739,3.618202531,3.330943522,1
10.60320735,9.299060758,11.737748,12.75757181,9.917108219,8.853783313,7.860028605,7.112985057,7.845146281,8.720340274,10.1775001,13.4077061,12.23394486,9.160473706,10.3732221,11.74626087,8.023159071,6.49377759,5.003858886,6.114975444,6.306392503,6.934144975,5.154306382,5.872962439,6.055080694,5.864570928,4.860447306,3.266077845,2.742373173,1.80338736,1.771041746,1.865919437,1.94663692,1.684374786,1.953494135,5.417256259,5.93816023,7.11457418,9.738673583,1
7.487978869,5.479701607,4.520309476,4.203868909,3.434660368,2.919420656,2.99668007,2.734722422,2.38428696,1.858663462,2.383778291,1.705586247,1.21506371,1.728600245,1.626823485,1.533147806,1.471283031,1.352571404,1.611619891,1.529575057,1.368463966,1.663387081,1.281809047,1.718394957,1.747408014,0.985986253,1.943911035,2.837180647,1.587838103,2.243433487,1.601405264,2.957489942,2.606388046,2.294998312,3.036039176,3.280392469,2.866577405,2.19775928,2.471043233,2
7.493282647,5.526007377,4.604190243,4.198397282,3.478118622,2.979638405,2.748224853,2.690271683,2.215315281,2.005232435,1.646728712,1.827716151,1.652003561,0.809818022,1.149576072,1.313952678,0.68669945,1.828166784,0.732583047,0.646224059,1.34472283,0.798210729,0.828547142,1.083456676,1.715401087,2.143481649,1.918106771,1.742220053,2.215762132,1.657837616,2.347275737,2.397641588,2.014217669,1.663410137,3.265443466,3.100031912,2.707481536,3.014435641,2.405019137,1
14.64382141,12.83844843,12.12779519,11.51244054,8.59238499,11.20069468,15.17457636,11.58858762,10.56667394,11.07234894,10.67735852,11.59320997,11.47232685,12.57862021,13.24902442,13.87694555,13.89182447,13.78494912,14.82141139,15.50254003,15.25498247,15.20891961,15.30773821,14.18070634,12.71999478,11.16623513,11.58574694,10.77758502,8.689259405,8.238902155,8.006011052,7.870471974,7.855492549,8.05442287,9.191468858,10.89026478,13.28246232,13.99216222,12.43894796,0
7.459379587,5.468259156,4.536663662,4.123370449,3.246393878,3.002035749,2.755118391,2.349750233,2.305843519,1.812676706,1.211677474,1.731316259,1.503142097,1.374585543,1.554392254,1.660681234,0.714768068,1.101022724,2.166445398,2.135953196,1.392109802,1.385765402,0.987481607,1.189631919,1.521390053,1.469611463,1.507418642,1.831684332,2.443045217,1.291928498,2.225980636,2.103865979,1.553709578,2.417582161,3.463297631,2.533765126,2.407704049,1.782481468,1.762945069,1
12.7800363,10.3414778,10.41445978,11.03987567,10.22365031,10.35088076,9.485660697,10.5746393,10.43203247,13.18771958,10.96801753,10.34897653,10.2781191,10.04995131,11.44065468,11.32782527,10.6157321,11.31434349,9.506090703,10.18529692,10.5326528,10.53533935,10.02490908,9.850933456,9.0726865,7.585699326,5.788871499,5.031070982,5.16516693,5.082084724,4.997309599,5.057424771,4.973507413,4.99012873,5.147333673,6.197675767,9.122776717,9.372402019,9.879241881,0
6.450139107,7.869007441,8.898768081,9.348696542,7.535436707,7.312934692,8.185127434,8.275015067,9.11313901,8.563990819,9.411429032,9.509914138,9.49443115,9.566333657,8.916494755,9.450464781,9.906512973,10.87831271,10.75803856,10.69898078,10.66694651,10.75363331,10.44274903,9.983386138,9.015503547,6.619342103,4.547982213,3.921257508,3.468879101,3.212146257,2.563172906,2.187570315,1.98570998,1.527176796,1.778939434,7.335064109,9.833013474,10.30445354,9.656137317,3
10.62178444,11.10757366,13.28117725,10.2136795,12.71287641,10.82289915,13.15094988,12.02472871,12.29199985,12.96643596,13.70295813,13.12103286,15.78960582,15.69362219,14.21974304,11.35469248,10.09764531,11.09478228,11.66977818,11.88016948,11.80082334,12.09586668,10.90639159,10.74433311,8.055181067,6.918753756,6.398605404,6.064539507,5.841033992,5.517717225,5.417152523,5.248105604,5.100486328,4.998206132,4.752817919,4.932648264,10.14245243,11.33021803,12.19172334,3
11.47601394,11.18055544,8.861853547,12.16283561,11.72310006,10.4825205,11.86733555,11.96312881,10.86258304,9.649470409,8.960441097,6.798837024,6.638442666,8.079986023,12.68315694,12.72817173,9.372565695,6.613225181,6.800630997,7.79310429,8.198135868,7.750550387,7.316003689,7.84748756,8.021176695,8.313428004,9.414911699,7.162495669,5.763550215,4.962753408,4.508368704,4.183534125,4.258881498,4.454647624,5.444266565,8.316050891,7.90406297,8.951917235,10.45862068,1
7.497626564,5.521841098,4.61505888,4.108134028,3.353072454,3.140504076,2.783677802,2.753785108,2.112877206,1.726478333,1.674292014,1.822562572,1.552051188,0.935099916,1.732777921,1.381433811,1.383511356,1.579294559,0.902019034,1.22207084,1.060493205,1.073761259,1.66919055,2.038393182,1.952725273,1.942892974,2.071314433,1.768984422,1.483254723,1.562779801,1.777479686,1.938152291,1.802817853,1.152348133,2.110561689,2.841308417,2.321733437,2.091129844,1.470051711,2
6.625818472,12.78017254,14.18818459,14.6330056,13.44933773,12.49143775,11.34262628,11.34002989,12.69681428,13.54564176,15.09269271,15.57899023,14.35469746,14.50816168,15.50897906,15.09514737,14.34380226,14.39600437,13.92028139,13.54784345,11.68869154,11.59230288,10.71645646,8.818750709,8.701932135,8.112977344,6.989951756,5.58649143,4.896678342,4.215765658,3.52694809,2.92105256,2.483664105,3.249907921,5.005904716,8.457973089,9.660194937,11.91519454,12.80309432,0
7.487978869,5.479701607,4.520309476,4.203868909,3.434660368,2.919420656,2.99668007,2.734722422,2.38428696,1.858663462,2.383778291,1.705586247,1.21506371,1.728600245,1.626823485,1.533147806,1.471283031,1.352571404,1.611619891,1.529575057,1.368463966,1.663387081,1.281809047,1.718394957,1.747408014,0.985986253,1.943911035,2.837180647,1.587838103,2.243433487,1.601405264,2.957489942,2.606388046,2.294998312,3.036039176,3.280392469,2.866577405,2.19775928,2.471043233,2
6.349253168,11.61270091,14.77663983,13.02116663,11.77527692,13.3244827,11.56066865,11.85824002,11.36294905,11.97186576,13.69468661,13.48281287,13.77470391,12.25697336,12.80467436,13.61736029,13.02343872,11.98587454,11.38181515,10.9617918,12.02819721,11.50021211,10.6510673,12.12314744,10.9569927,7.879816563,5.274562482,4.025645904,3.948876595,4.263622303,4.698248815,4.986767545,5.237753851,5.620540807,6.151295775,7.909003628,12.2545048,12.86792249,13.39280516,0
13.97344616,9.02708777,7.519235976,7.191195501,9.737098132,9.922339952,11.26816549,11.63103937,10.24005545,12.20076153,12.33186099,12.53087115,13.18652914,10.32376277,11.62332499,11.64474604,12.25768651,12.40972092,11.91352321,12.91176386,11.81975913,11.70310899,12.32493658,11.44244594,10.94625362,11.02514012,11.88874979,9.191525293,8.021542684,7.247954368,6.770518301,6.56619134,6.570275842,6.834850055,7.896198152,10.78824449,11.74478533,12.12448431,11.5949991,0
11.1371804,7.281941466,2.470048383,4.873731282,5.365568831,4.146870066,4.930323472,3.226846581,3.653146461,3.41604032,3.870721263,5.746850674,4.773917319,4.47688156,4.127092529,3.918751783,4.681924288,4.470536436,5.3414387,4.896832287,5.479713177,5.413347321,4.712907134,5.856117346,6.875254837,7.442029849,5.255083115,4.162835618,3.747350861,3.010601785,2.368076019,2.462757284,2.246722746,1.780082316,1.510718623,5.099914307,6.604030364,6.110033982,5.527567258,3
11.01310319,6.584086395,8.189810361,7.516084045,7.936493046,8.330886768,7.367678336,5.773968954,6.627014284,6.310470258,7.092831645,7.057852953,7.698492765,6.550245383,5.883937045,6.799646593,7.158182702,7.184790201,7.739394621,7.554780979,8.14950864,7.889826176,8.165470365,9.20759915,8.251753592,5.231047943,4.454895398,3.496867427,2.917524973,2.507602054,2.578538614,2.11726293,2.046657012,1.900099025,1.663442053,5.818468765,8.57806715,7.781917821,7.077170273,2
